time,Speed,Direction,Actual PowerGen,Predicted PowerGen,Prediction Residuals
2023-07-30 15:00:00+00:00,4.02336,6,3.139751,-1.1534331216958442,4.293184121695845
2023-07-30 18:00:00+00:00,1.78816,13,3.008496,3.0544072779702063,0.04591127797020622
2023-07-30 21:00:00+00:00,3.12928,11,2.2709390000000003,0.8141823559338004,1.4567566440661999
2023-07-31 00:00:00+00:00,3.12928,11,1.921609,0.8141823559338004,1.1074266440661995
2023-07-31 03:00:00+00:00,3.12928,1,1.950017,2.5164637556932075,0.5664467556932076
2023-07-31 06:00:00+00:00,4.02336,2,2.037341,1.4631510381606834,0.5741899618393167
2023-07-31 09:00:00+00:00,4.91744,14,4.864618,2.3735956518775776,2.4910223481224225
2023-07-31 12:00:00+00:00,5.81152,3,9.088194,3.8629477825890906,5.225246217410909
2023-07-31 15:00:00+00:00,5.81152,3,11.091701,3.8629477825890906,7.22875321741091
2023-07-31 18:00:00+00:00,5.81152,14,10.399417,4.201471645820819,6.197945354179181
2023-07-31 21:00:00+00:00,4.91744,15,10.442364,3.745740408212235,6.696623591787764
2023-08-01 00:00:00+00:00,4.02336,15,6.597829,2.8844349863458483,3.7133940136541517
2023-08-01 03:00:00+00:00,4.02336,4,4.159642,-1.0673742452481747,5.2270162452481745
2023-08-01 06:00:00+00:00,4.02336,5,3.780869,-1.3833802637158712,5.164249263715871
2023-08-01 09:00:00+00:00,3.12928,5,2.842824,-1.417144046349975,4.259968046349975
2023-08-01 12:00:00+00:00,4.02336,13,2.6411909999999996,0.8441675525734009,1.7970234474265987
2023-08-01 15:00:00+00:00,3.12928,13,3.136669,1.121934130046622,2.014734869953378
2023-08-01 18:00:00+00:00,3.12928,13,3.047279,1.121934130046622,1.9253448699533782
2023-08-01 21:00:00+00:00,4.02336,5,1.847785,-1.3833802637158712,3.231165263715871
2023-08-02 00:00:00+00:00,3.12928,4,1.873875,-1.3059778271237263,3.1798528271237263
2023-08-02 03:00:00+00:00,1.78816,15,2.040559,4.68625771153477,2.64569871153477
2023-08-02 06:00:00+00:00,4.91744,4,2.707906,0.1512528237127544,2.5566531762872455
2023-08-02 09:00:00+00:00,3.12928,5,6.251334,-1.417144046349975,7.668478046349975
2023-08-02 12:00:00+00:00,4.02336,13,6.223552,0.8441675525734009,5.379384447426599
2023-08-02 15:00:00+00:00,4.91744,13,8.382764,1.5757489860580183,6.807015013941982
2023-08-02 18:00:00+00:00,7.15264,13,7.1256330000000005,7.573413800292709,0.4477808002927084
2023-08-02 21:00:00+00:00,7.15264,6,10.26033,4.866783496691802,5.3935465033081975
2023-08-03 00:00:00+00:00,7.15264,6,10.648482000000001,4.866783496691802,5.781698503308199
2023-08-03 03:00:00+00:00,7.15264,6,9.319929,4.866783496691802,4.453145503308198
2023-08-03 06:00:00+00:00,7.15264,13,10.778262,7.573413800292709,3.204848199707291
2023-08-03 09:00:00+00:00,7.15264,6,16.92774,4.866783496691802,12.060956503308198
2023-08-03 12:00:00+00:00,8.04672,6,18.258036,7.752328149529525,10.505707850470476
2023-08-03 15:00:00+00:00,8.9408,6,17.552744,10.698919520712401,6.853824479287599
2023-08-03 18:00:00+00:00,11.176,6,19.965192000000002,17.150039260428454,2.8151527395715483
2023-08-03 21:00:00+00:00,8.9408,6,16.524467,10.698919520712401,5.8255474792876
2023-08-04 00:00:00+00:00,8.9408,6,13.496637,10.698919520712401,2.7977174792875985
2023-08-04 03:00:00+00:00,8.9408,7,14.853805999999999,10.477560224834665,4.376245775165334
2023-08-04 06:00:00+00:00,8.9408,6,16.255779,10.698919520712401,5.556859479287599
2023-08-04 09:00:00+00:00,7.15264,6,14.133931,4.866783496691802,9.267147503308198
2023-08-04 12:00:00+00:00,8.04672,6,13.976544,7.752328149529525,6.224215850470475
2023-08-04 15:00:00+00:00,5.81152,7,7.569789,1.5455924452749201,6.02419655472508
2023-08-04 18:00:00+00:00,5.81152,7,3.156923,1.5455924452749201,1.6113305547250798
2023-08-04 21:00:00+00:00,1.78816,7,1.833827,1.1930066458145792,0.6408203541854209
2023-08-05 00:00:00+00:00,1.78816,9,1.8711879999999999,2.2728814004609745,0.4016934004609747
2023-08-05 03:00:00+00:00,3.12928,12,2.078568,0.8467784787871899,1.2317895212128103
2023-08-05 06:00:00+00:00,3.12928,12,1.9536010000000001,0.8467784787871899,1.1068225212128102
2023-08-05 09:00:00+00:00,1.78816,16,1.2804280000000001,6.04490756962714,4.76447956962714
2023-08-05 12:00:00+00:00,1.78816,5,1.376099,0.07814756585761629,1.2979514341423837
2023-08-05 15:00:00+00:00,3.12928,3,1.599475,-0.591646169524747,2.191121169524747
2023-08-05 18:00:00+00:00,3.12928,1,1.427209,2.5164637556932075,1.0892547556932075
2023-08-05 21:00:00+00:00,3.12928,1,1.294899,2.5164637556932075,1.2215647556932074
2023-08-06 00:00:00+00:00,1.78816,16,1.439597,6.04490756962714,4.60531056962714
2023-08-06 03:00:00+00:00,1.78816,9,1.404803,2.2728814004609745,0.8680784004609745
2023-08-06 06:00:00+00:00,3.12928,5,1.185775,-1.417144046349975,2.602919046349975
2023-08-06 09:00:00+00:00,1.78816,13,1.261979,3.0544072779702063,1.7924282779702063
2023-08-06 12:00:00+00:00,1.78816,6,1.302737,0.5464949909022927,0.7562420090977073
2023-08-06 15:00:00+00:00,1.78816,11,1.3624550000000002,2.6323882826056,1.2699332826055998
2023-08-06 18:00:00+00:00,1.78816,13,1.406768,3.0544072779702063,1.6476392779702063
2023-08-06 21:00:00+00:00,0.89408,1,1.5834519999999999,3.921127961756188,2.337675961756188
2023-08-07 00:00:00+00:00,0.89408,12,1.697742,4.6554086704173585,2.9576666704173586
2023-08-07 03:00:00+00:00,1.78816,16,1.7059010000000001,6.04490756962714,4.3390065696271405
2023-08-07 06:00:00+00:00,3.12928,6,1.863391,-1.0528979547331332,2.916288954733133
2023-08-07 09:00:00+00:00,4.02336,6,2.177126,-1.1534331216958442,3.330559121695844
2023-08-07 12:00:00+00:00,3.12928,6,3.424785,-1.0528979547331332,4.477682954733133
2023-08-07 15:00:00+00:00,1.78816,4,3.6058369999999997,-0.014061849106148827,3.6198988491061486
2023-08-07 18:00:00+00:00,1.78816,4,2.740086,-0.014061849106148827,2.7541478491061486
2023-08-07 21:00:00+00:00,3.12928,14,1.835014,1.8197181667605804,0.01529583323941952
2023-08-08 00:00:00+00:00,1.78816,15,2.045588,4.68625771153477,2.64066971153477
2023-08-08 03:00:00+00:00,3.12928,5,3.04096,-1.417144046349975,4.458104046349975
2023-08-08 06:00:00+00:00,7.15264,6,5.6635349999999995,4.866783496691802,0.7967515033081973
2023-08-08 09:00:00+00:00,8.9408,6,12.202004,10.698919520712401,1.5030844792875993
2023-08-08 12:00:00+00:00,9.83488,7,25.810935,13.150206117450196,12.660728882549805
2023-08-08 15:00:00+00:00,12.96416,7,31.514674,20.530210716900235,10.984463283099764
2023-08-08 18:00:00+00:00,13.85824,7,32.430928,22.225127058281952,10.20580094171805
2023-08-08 21:00:00+00:00,13.85824,8,30.580123,22.26180552144747,8.31831747855253
2023-08-09 00:00:00+00:00,15.19936,8,31.562618999999998,24.370779302842898,7.1918396971571
2023-08-09 03:00:00+00:00,15.19936,8,30.023213,24.370779302842898,5.6524336971571
2023-08-09 06:00:00+00:00,15.19936,8,30.351643000000003,24.370779302842898,5.980863697157105
2023-08-09 09:00:00+00:00,15.19936,8,31.571183,24.370779302842898,7.200403697157103
2023-08-09 12:00:00+00:00,13.85824,8,31.11531,22.26180552144747,8.85350447855253
2023-08-09 15:00:00+00:00,12.070079999999999,8,27.979938,18.946920684746964,9.033017315253037
2023-08-09 18:00:00+00:00,9.83488,8,21.027113999999997,13.522485454655218,7.504628545344779
2023-08-09 21:00:00+00:00,8.04672,8,5.092656000000001,8.116318129982902,3.0236621299829016
2023-08-10 00:00:00+00:00,4.91744,8,1.832643,0.6329811129835576,1.1996618870164424
2023-08-10 03:00:00+00:00,0.89408,16,1.9606810000000001,7.541602920945262,5.580921920945262
2023-08-10 06:00:00+00:00,4.02336,3,2.931865,-0.10249144199572413,3.0343564419957243
2023-08-10 09:00:00+00:00,4.91744,1,9.756985,5.383940886486268,4.373044113513732
2023-08-10 12:00:00+00:00,4.02336,1,5.606193,3.4566977960308023,2.149495203969198
2023-08-10 15:00:00+00:00,4.91744,3,5.804084,1.4043942721451739,4.399689727854826
2023-08-10 18:00:00+00:00,8.04672,2,15.151786000000001,15.174247262313635,0.022461262313633767
2023-08-10 21:00:00+00:00,8.04672,2,15.042459000000001,15.174247262313635,0.13178826231363416
2023-08-11 00:00:00+00:00,8.9408,2,18.231682,18.93322367318119,0.7015416731811897
2023-08-11 03:00:00+00:00,9.83488,2,17.326771,22.241160968273487,4.914389968273486
2023-08-11 06:00:00+00:00,9.83488,2,10.514659,22.241160968273487,11.726501968273487
2023-08-11 09:00:00+00:00,8.9408,2,13.349406,18.93322367318119,5.583817673181189
2023-08-11 12:00:00+00:00,5.81152,1,8.637141,8.212412466368505,0.42472853363149454
2023-08-11 15:00:00+00:00,7.15264,10,-0.5716049999999999,6.417259260498984,6.988864260498984
2023-08-11 18:00:00+00:00,4.02336,10,-0.8899529999999998,0.5833820367121643,1.473335036712164
2023-08-11 21:00:00+00:00,4.02336,16,6.116566000000001,4.669364380878029,1.4472016191219712
2023-08-12 00:00:00+00:00,4.91744,1,5.883485,5.383940886486268,0.49954411351373196
2023-08-12 03:00:00+00:00,5.81152,3,3.6837679999999997,3.8629477825890906,0.17917978258909084
2023-08-12 06:00:00+00:00,5.81152,2,5.106172000000001,5.935073754962547,0.8289017549625459
2023-08-12 09:00:00+00:00,4.91744,2,6.5186340000000005,3.2263076783053,3.2923263216947003
2023-08-12 12:00:00+00:00,8.04672,2,10.09799,15.174247262313635,5.076257262313636
2023-08-12 15:00:00+00:00,5.81152,2,10.441738,5.935073754962547,4.506664245037454
2023-08-12 18:00:00+00:00,5.81152,3,8.846624,3.8629477825890906,4.98367621741091
2023-08-12 21:00:00+00:00,5.81152,3,6.662984,3.8629477825890906,2.8000362174109092
2023-08-13 00:00:00+00:00,4.02336,2,3.4859809999999998,1.4631510381606834,2.0228299618393164
2023-08-13 03:00:00+00:00,3.12928,9,5.173677,0.6150620522513215,4.558614947748678
2023-08-13 06:00:00+00:00,5.81152,11,4.666633,2.8694220407493347,1.7972109592506653
2023-08-13 09:00:00+00:00,4.91744,11,4.993504,1.2514411367636953,3.7420628632363044
2023-08-13 12:00:00+00:00,5.81152,9,6.612201,2.540207095105986,4.071993904894014
2023-08-13 15:00:00+00:00,4.02336,11,3.621898,0.5664090572805769,3.055488942719423
2023-08-13 18:00:00+00:00,3.12928,12,1.903009,0.8467784787871899,1.05623052121281
2023-08-13 21:00:00+00:00,3.12928,12,1.454847,0.8467784787871899,0.6080685212128101
2023-08-14 00:00:00+00:00,1.78816,9,1.422806,2.2728814004609745,0.8500754004609745
2023-08-14 03:00:00+00:00,1.78816,9,1.333568,2.2728814004609745,0.9393134004609744
2023-08-14 06:00:00+00:00,0.89408,2,1.3969360000000002,2.7095844896756756,1.3126484896756754
2023-08-14 09:00:00+00:00,1.78816,2,1.270458,1.3726174097551045,0.1021594097551044
2023-08-14 12:00:00+00:00,1.78816,15,1.4181089999999998,4.68625771153477,3.2681487115347703
2023-08-14 15:00:00+00:00,4.02336,14,2.346438,1.5886850591499169,0.7577529408500832
2023-08-14 18:00:00+00:00,3.12928,2,1.442894,0.7231970322337631,0.7196969677662368
2023-08-14 21:00:00+00:00,3.12928,15,1.924433,3.015745847034907,1.091312847034907
2023-08-15 00:00:00+00:00,4.02336,4,3.2335760000000002,-1.0673742452481747,4.300950245248175
2023-08-15 03:00:00+00:00,4.02336,5,4.9124,-1.3833802637158712,6.295780263715871
2023-08-15 06:00:00+00:00,3.12928,13,5.139497,1.121934130046622,4.0175628699533785
2023-08-15 09:00:00+00:00,4.91744,13,5.7719890000000005,1.5757489860580183,4.196240013941982
2023-08-15 12:00:00+00:00,4.91744,13,5.110384,1.5757489860580183,3.5346350139419815
2023-08-15 15:00:00+00:00,4.02336,13,3.0994159999999997,0.8441675525734009,2.255248447426599
2023-08-15 18:00:00+00:00,3.12928,13,2.4678880000000003,1.121934130046622,1.3459538699533784
2023-08-15 21:00:00+00:00,3.12928,13,1.760568,1.121934130046622,0.638633869953378
2023-08-16 00:00:00+00:00,1.78816,7,3.06235,1.1930066458145792,1.8693433541854207
2023-08-16 03:00:00+00:00,7.15264,5,3.620119,5.452295509780734,1.8321765097807345
2023-08-16 06:00:00+00:00,4.02336,5,1.410769,-1.3833802637158712,2.7941492637158714
2023-08-16 09:00:00+00:00,4.02336,5,1.354568,-1.3833802637158712,2.737948263715871
2023-08-16 12:00:00+00:00,4.02336,13,1.189565,0.8441675525734009,0.34539744742659906
2023-08-16 15:00:00+00:00,3.12928,5,1.2495450000000001,-1.417144046349975,2.6666890463499753
2023-08-16 18:00:00+00:00,3.12928,14,1.7291329999999998,1.8197181667605804,0.0905851667605806
2023-08-16 21:00:00+00:00,3.12928,3,2.275386,-0.591646169524747,2.867032169524747
2023-08-17 00:00:00+00:00,1.78816,3,2.533906,0.4051980909849249,2.128707909015075
2023-08-17 03:00:00+00:00,4.02336,14,4.474538,1.5886850591499169,2.885852940850083
2023-08-17 06:00:00+00:00,4.91744,3,8.148304,1.4043942721451739,6.743909727854826
2023-08-17 09:00:00+00:00,7.15264,3,13.948439,8.86372417379308,5.08471482620692
2023-08-17 12:00:00+00:00,7.15264,3,16.468859000000002,8.86372417379308,7.605134826206921
2023-08-17 15:00:00+00:00,8.04672,3,14.945616000000001,12.603691130323007,2.341924869676994
2023-08-17 18:00:00+00:00,8.04672,3,18.104865,12.603691130323007,5.501173869676993
2023-08-17 21:00:00+00:00,7.15264,3,20.369557999999998,8.86372417379308,11.505833826206917
2023-08-18 00:00:00+00:00,7.15264,3,14.769168,8.86372417379308,5.90544382620692
2023-08-18 03:00:00+00:00,7.15264,3,15.246107,8.86372417379308,6.3823828262069195
2023-08-18 06:00:00+00:00,8.04672,3,17.734082,12.603691130323007,5.130390869676994
2023-08-18 09:00:00+00:00,8.04672,3,14.150547,12.603691130323007,1.5468558696769925
2023-08-18 12:00:00+00:00,7.15264,3,9.40375,8.86372417379308,0.5400258262069197
2023-08-18 15:00:00+00:00,7.15264,3,15.344885,8.86372417379308,6.481160826206919
2023-08-18 18:00:00+00:00,8.04672,2,23.437532,15.174247262313635,8.263284737686366
2023-08-18 21:00:00+00:00,8.9408,3,24.429307,16.26025099683717,8.169056003162833
2023-08-19 00:00:00+00:00,8.9408,3,24.017325,16.26025099683717,7.757074003162831
2023-08-19 03:00:00+00:00,12.070079999999999,3,31.256936,25.36935927576419,5.88757672423581
2023-08-19 06:00:00+00:00,13.85824,14,28.165654000000004,25.847885823803246,2.3177681761967577
2023-08-19 09:00:00+00:00,15.19936,14,29.290615000000003,26.022103671200604,3.2685113287993985
2023-08-19 12:00:00+00:00,12.96416,3,28.894388,26.886309262983268,2.0080787370167315
2023-08-19 15:00:00+00:00,8.9408,2,26.377173,18.93322367318119,7.44394932681881
2023-08-19 18:00:00+00:00,8.04672,1,22.479077,17.529873882333714,4.949203117666286
2023-08-19 21:00:00+00:00,4.91744,12,8.045988000000001,1.2721308357224732,6.773857164277528
2023-08-20 00:00:00+00:00,5.81152,16,8.691697000000001,7.524012858187321,1.1676841418126802
2023-08-20 03:00:00+00:00,5.81152,16,8.031181,7.524012858187321,0.507168141812679
2023-08-20 06:00:00+00:00,4.91744,16,3.1467739999999997,5.615329261828981,2.468555261828981
2023-08-20 09:00:00+00:00,4.02336,12,1.418532,0.5702060636597697,0.8483259363402302
2023-08-20 12:00:00+00:00,3.12928,1,2.146967,2.5164637556932075,0.3694967556932074
2023-08-20 15:00:00+00:00,1.78816,10,1.748374,2.52217938867628,0.7738053886762799
2023-08-20 18:00:00+00:00,3.12928,2,2.032691,0.7231970322337631,1.3094939677662367
2023-08-20 21:00:00+00:00,4.91744,1,5.769005,5.383940886486268,0.3850641135137316
2023-08-21 00:00:00+00:00,5.81152,16,8.227053,7.524012858187321,0.7030401418126786
2023-08-21 03:00:00+00:00,4.02336,16,3.734254,4.669364380878029,0.9351103808780294
2023-08-21 06:00:00+00:00,4.91744,16,8.130612,5.615329261828981,2.5152827381710186
2023-08-21 09:00:00+00:00,5.81152,16,11.092738,7.524012858187321,3.5687251418126795
2023-08-21 12:00:00+00:00,7.15264,1,20.540285,13.630987129370558,6.909297870629443
2023-08-21 15:00:00+00:00,8.04672,1,17.882277000000002,17.529873882333714,0.35240311766628807
2023-08-21 18:00:00+00:00,7.15264,1,20.068869,13.630987129370558,6.437881870629441
2023-08-21 21:00:00+00:00,8.04672,1,21.242652,17.529873882333714,3.7127781176662857
2023-08-22 00:00:00+00:00,7.15264,16,17.976992000000003,11.86824860508182,6.108743394918182
2023-08-22 03:00:00+00:00,5.81152,9,10.224294,2.540207095105986,7.684086904894015
2023-08-22 06:00:00+00:00,5.81152,16,7.482059,7.524012858187321,0.04195385818732156
2023-08-22 09:00:00+00:00,5.81152,12,7.709407000000001,2.9642085934864806,4.74519840651352
2023-08-22 12:00:00+00:00,7.15264,12,8.282892,7.021151256419465,1.2617407435805355
2023-08-22 15:00:00+00:00,5.81152,9,19.90265,2.540207095105986,17.362442904894017
2023-08-22 18:00:00+00:00,8.9408,11,16.144578,13.008612927832402,3.135965072167597
2023-08-22 21:00:00+00:00,11.176,10,18.398165,18.705467801099555,0.30730280109955643
2023-08-23 00:00:00+00:00,9.83488,10,16.749783,15.149364158462442,1.600418841537559
2023-08-23 03:00:00+00:00,8.9408,10,15.56429,12.335124146208777,3.2291658537912227
2023-08-23 06:00:00+00:00,9.83488,11,18.567797,15.977563344733289,2.59023365526671
2023-08-23 09:00:00+00:00,9.83488,11,22.427421000000002,15.977563344733289,6.4498576552667135
2023-08-23 12:00:00+00:00,8.04672,9,13.600008,8.75061952773121,4.8493884722687906
2023-08-23 15:00:00+00:00,4.02336,9,3.1464109999999996,0.4175506160291462,2.7288603839708534
2023-08-23 18:00:00+00:00,5.81152,1,3.205004,8.212412466368505,5.007408466368505
2023-08-23 21:00:00+00:00,4.02336,1,3.994249,3.4566977960308023,0.5375512039691976
2023-08-24 00:00:00+00:00,4.91744,1,5.021583,5.383940886486268,0.36235788648626865
2023-08-24 03:00:00+00:00,4.02336,1,4.169172,3.4566977960308023,0.7124742039691974
2023-08-24 06:00:00+00:00,4.91744,2,3.835816,3.2263076783053,0.6095083216946997
2023-08-24 09:00:00+00:00,3.12928,2,1.2543449999999998,0.7231970322337631,0.5311479677662367
2023-08-24 12:00:00+00:00,1.78816,3,1.376865,0.4051980909849249,0.9716669090150751
2023-08-24 15:00:00+00:00,3.12928,2,-0.244456,0.7231970322337631,0.9676530322337631
2023-08-24 18:00:00+00:00,1.78816,2,0.03525500000000001,1.3726174097551045,1.3373624097551045
2023-08-24 21:00:00+00:00,1.78816,4,3.406117,-0.014061849106148827,3.420178849106149
2023-08-25 00:00:00+00:00,9.83488,4,9.579457999999999,16.876371431467383,7.2969134314673845
2023-08-25 03:00:00+00:00,11.176,4,9.737041,20.777074611318792,11.040033611318792
2023-08-25 06:00:00+00:00,12.070079999999999,4,16.543912,22.825881958636256,6.281969958636257
2023-08-25 09:00:00+00:00,12.070079999999999,5,24.735754999999997,20.64690971734934,4.088845282650656
2023-08-25 12:00:00+00:00,9.83488,5,21.430512999999998,14.75020583791828,6.680307162081718
2023-08-25 15:00:00+00:00,8.9408,4,9.706501,13.720986176622247,4.014485176622248
2023-08-25 18:00:00+00:00,8.9408,4,6.698875,13.720986176622247,7.022111176622247
2023-08-25 21:00:00+00:00,4.02336,4,0.8653500000000001,-1.0673742452481747,1.9327242452481748
2023-08-26 00:00:00+00:00,8.04672,4,8.083706,10.281780995020108,2.198074995020109
2023-08-26 03:00:00+00:00,8.04672,5,4.03983,8.60085915235636,4.56102915235636
2023-08-26 06:00:00+00:00,3.12928,5,3.301337,-1.417144046349975,4.718481046349975
2023-08-26 09:00:00+00:00,4.91744,4,4.523917,0.1512528237127544,4.372664176287246
2023-08-26 12:00:00+00:00,5.81152,4,1.867939,2.2958851330097545,0.4279461330097545
2023-08-26 15:00:00+00:00,4.91744,5,2.1626380000000003,-0.4236859346850217,2.586323934685022
2023-08-26 18:00:00+00:00,4.02336,5,0.766081,-1.3833802637158712,2.149461263715871
2023-08-26 21:00:00+00:00,4.02336,6,-0.181678,-1.1534331216958442,0.9717551216958442
2023-08-27 00:00:00+00:00,7.15264,6,2.402297,4.866783496691802,2.4644864966918023
2023-08-27 03:00:00+00:00,4.91744,6,3.10994,-0.38052047152777746,3.4904604715277774
2023-08-27 06:00:00+00:00,4.91744,7,3.192657,0.06752280541318356,3.1251341945868165
2023-08-27 09:00:00+00:00,4.02336,7,2.861913,-0.6038171508277692,3.465730150827769
2023-08-27 12:00:00+00:00,4.91744,8,3.769042,0.6329811129835576,3.136060887016442
2023-08-27 15:00:00+00:00,4.91744,8,4.5686420000000005,0.6329811129835576,3.935660887016443
2023-08-27 18:00:00+00:00,4.02336,9,3.6533800000000003,0.4175506160291462,3.235829383970854
2023-08-27 21:00:00+00:00,8.9408,7,7.1741850000000005,10.477560224834665,3.3033752248346646
2023-08-28 00:00:00+00:00,7.15264,8,9.954673,5.42435981529543,4.5303131847045695
2023-08-28 03:00:00+00:00,8.9408,10,7.115135,12.335124146208777,5.219989146208777
2023-08-28 06:00:00+00:00,8.04672,8,11.83664,8.116318129982902,3.720321870017097
2023-08-28 09:00:00+00:00,8.04672,8,8.998695999999999,8.116318129982902,0.8823778700170966
2023-08-28 12:00:00+00:00,5.81152,10,5.974183,2.792995463619036,3.181187536380964
2023-08-28 15:00:00+00:00,8.9408,10,7.844982,12.335124146208777,4.490142146208777
2023-08-28 18:00:00+00:00,7.15264,11,7.799996,6.713161541314005,1.0868344586859955
2023-08-28 21:00:00+00:00,8.9408,9,7.116424,11.592648370541289,4.4762243705412885
2023-08-29 00:00:00+00:00,5.81152,9,8.257781,2.540207095105986,5.717573904894014
2023-08-29 03:00:00+00:00,5.81152,11,6.5813619999999995,2.8694220407493347,3.7119399592506648
2023-08-29 06:00:00+00:00,7.15264,10,4.012522,6.417259260498984,2.404737260498984
2023-08-29 09:00:00+00:00,4.91744,9,2.916246,1.0659144873555153,1.8503315126444848
2023-08-29 12:00:00+00:00,4.02336,12,1.188469,0.5702060636597697,0.6182629363402303
2023-08-29 15:00:00+00:00,3.12928,4,3.5458350000000003,-1.3059778271237263,4.851812827123727
2023-08-29 18:00:00+00:00,5.81152,4,14.885393,2.2958851330097545,12.589507866990246
2023-08-29 21:00:00+00:00,4.91744,5,1.873526,-0.4236859346850217,2.2972119346850217
2023-08-30 00:00:00+00:00,4.02336,13,3.5791560000000002,0.8441675525734009,2.7349884474265993
2023-08-30 03:00:00+00:00,3.12928,6,0.9499299999999999,-1.0528979547331332,2.0028279547331334
2023-08-30 06:00:00+00:00,4.02336,13,1.964089,0.8441675525734009,1.119921447426599
2023-08-30 09:00:00+00:00,3.12928,5,6.424443,-1.417144046349975,7.841587046349975
2023-08-30 12:00:00+00:00,3.12928,13,4.769999,1.121934130046622,3.6480648699533784
2023-08-30 15:00:00+00:00,4.02336,13,2.4347630000000002,0.8441675525734009,1.5905954474265993
2023-08-30 18:00:00+00:00,4.02336,13,1.232315,0.8441675525734009,0.3881474474265991
2023-08-30 21:00:00+00:00,3.12928,5,0.6058509999999999,-1.417144046349975,2.022995046349975
2023-08-31 00:00:00+00:00,3.12928,5,0.363421,-1.417144046349975,1.780565046349975
2023-08-31 03:00:00+00:00,3.12928,4,-0.26679600000000003,-1.3059778271237263,1.0391818271237263
2023-08-31 06:00:00+00:00,3.12928,14,-0.33543100000000003,1.8197181667605804,2.15514916676058
2023-08-31 09:00:00+00:00,3.12928,14,-0.199435,1.8197181667605804,2.01915316676058
2023-08-31 12:00:00+00:00,3.12928,15,0.161617,3.015745847034907,2.854128847034907
2023-08-31 15:00:00+00:00,4.02336,14,1.5251899999999998,1.5886850591499169,0.06349505914991704
2023-08-31 18:00:00+00:00,4.02336,14,2.6110309999999997,1.5886850591499169,1.0223459408500828
2023-08-31 21:00:00+00:00,3.12928,15,1.527023,3.015745847034907,1.488722847034907
2023-09-01 00:00:00+00:00,3.12928,14,2.353189,1.8197181667605804,0.5334708332394196
2023-09-01 03:00:00+00:00,4.91744,14,3.623234,2.3735956518775776,1.2496383481224225
2023-09-01 06:00:00+00:00,3.12928,15,4.817927,3.015745847034907,1.802181152965093
2023-09-01 09:00:00+00:00,7.15264,15,3.6865520000000003,10.029903503739057,6.343351503739056
2023-09-01 12:00:00+00:00,5.81152,15,7.177776000000001,5.627727046579954,1.5500489534200463
2023-09-01 15:00:00+00:00,5.81152,14,8.703827,4.201471645820819,4.502355354179182
2023-09-01 18:00:00+00:00,4.91744,14,7.943116999999999,2.3735956518775776,5.5695213481224215
2023-09-01 21:00:00+00:00,4.91744,3,5.822298,1.4043942721451739,4.417903727854826
2023-09-02 00:00:00+00:00,4.91744,2,5.908156,3.2263076783053,2.6818483216946998
2023-09-02 03:00:00+00:00,5.81152,2,6.0885180000000005,5.935073754962547,0.1534442450374538
2023-09-02 06:00:00+00:00,4.91744,1,8.420713,5.383940886486268,3.036772113513731
2023-09-02 09:00:00+00:00,7.15264,16,7.157211,11.86824860508182,4.71103760508182
2023-09-02 12:00:00+00:00,4.91744,9,6.213173,1.0659144873555153,5.147258512644485
2023-09-02 15:00:00+00:00,5.81152,12,3.606904,2.9642085934864806,0.6426954065135195
2023-09-02 18:00:00+00:00,5.81152,16,4.992508,7.524012858187321,2.531504858187321
2023-09-02 21:00:00+00:00,8.04672,9,13.693448,8.75061952773121,4.94282847226879
2023-09-03 00:00:00+00:00,9.83488,9,15.540911999999999,14.28495610632597,1.2559558936740292
2023-09-03 03:00:00+00:00,11.176,11,18.414023,19.644452063521705,1.2304290635217043
2023-09-03 06:00:00+00:00,8.9408,11,19.124146,13.008612927832402,6.115533072167597
2023-09-03 09:00:00+00:00,11.176,9,16.207423,17.762420408260073,1.5549974082600748
2023-09-03 12:00:00+00:00,12.96416,9,24.383958999999997,21.304320183964208,3.0796388160357893
2023-09-03 15:00:00+00:00,13.85824,11,28.23698,24.03206763654216,4.20491236345784
2023-09-03 18:00:00+00:00,12.96416,11,27.201745000000003,22.922351880433045,4.279393119566958
2023-09-03 21:00:00+00:00,9.83488,11,21.482992,15.977563344733289,5.50542865526671
2023-09-04 00:00:00+00:00,8.9408,9,10.531216,11.592648370541289,1.0614323705412883
2023-09-04 03:00:00+00:00,11.176,9,16.793479,17.762420408260073,0.968941408260072
2023-09-04 06:00:00+00:00,11.176,9,11.779173,17.762420408260073,5.983247408260073
2023-09-04 09:00:00+00:00,12.96416,9,9.370429999999999,21.304320183964208,11.933890183964209
2023-09-04 12:00:00+00:00,12.070079999999999,11,19.444709,21.492026815348304,2.047317815348304
2023-09-04 15:00:00+00:00,9.83488,9,24.002164,14.28495610632597,9.717207893674031
2023-09-04 18:00:00+00:00,9.83488,11,17.425221,15.977563344733289,1.4476576552667115
2023-09-04 21:00:00+00:00,11.176,11,18.284775,19.644452063521705,1.3596770635217048
2023-09-05 00:00:00+00:00,8.9408,11,20.723157,13.008612927832402,7.714544072167598
2023-09-05 03:00:00+00:00,9.83488,10,17.798603,15.149364158462442,2.6492388415375583
2023-09-05 06:00:00+00:00,4.02336,13,7.713851,0.8441675525734009,6.869683447426599
2023-09-05 09:00:00+00:00,4.02336,13,2.229623,0.8441675525734009,1.3854554474265992
2023-09-05 12:00:00+00:00,3.12928,5,1.672109,-1.417144046349975,3.0892530463499748
2023-09-05 15:00:00+00:00,4.02336,4,2.5859,-1.0673742452481747,3.653274245248175
2023-09-05 18:00:00+00:00,4.91744,14,5.931407,2.3735956518775776,3.5578113481224225
2023-09-05 21:00:00+00:00,5.81152,3,8.450787,3.8629477825890906,4.5878392174109095
2023-09-06 00:00:00+00:00,7.15264,3,10.94816,8.86372417379308,2.084435826206919
2023-09-06 03:00:00+00:00,7.15264,2,19.975917,11.267507577909107,8.708409422090892
2023-09-06 06:00:00+00:00,9.83488,1,23.918079,24.419628188606076,0.5015491886060772
2023-09-06 09:00:00+00:00,8.9408,1,21.343131,21.227604444607756,0.11552655539224332
2023-09-06 12:00:00+00:00,11.176,1,26.009354000000002,27.90596244655901,1.8966084465590072
2023-09-06 15:00:00+00:00,11.176,1,24.292955,27.90596244655901,3.61300744655901
2023-09-06 18:00:00+00:00,8.9408,1,14.026568000000001,21.227604444607756,7.201036444607755
2023-09-06 21:00:00+00:00,8.04672,1,4.917533,17.529873882333714,12.612340882333715
2023-09-07 00:00:00+00:00,4.02336,1,2.8787399999999996,3.4566977960308023,0.5779577960308027
2023-09-07 03:00:00+00:00,4.02336,1,2.2885020000000003,3.4566977960308023,1.168195796030802
2023-09-07 06:00:00+00:00,4.02336,1,4.703514,3.4566977960308023,1.246816203969198
2023-09-07 09:00:00+00:00,4.02336,16,6.97304,4.669364380878029,2.3036756191219707
2023-09-07 12:00:00+00:00,5.81152,1,12.115012,8.212412466368505,3.902599533631495
2023-09-07 15:00:00+00:00,7.15264,1,11.906362000000001,13.630987129370558,1.7246251293705566
2023-09-07 18:00:00+00:00,8.9408,1,16.272543,21.227604444607756,4.955061444607757
2023-09-07 21:00:00+00:00,8.04672,16,26.704504999999997,15.317021956069018,11.38748304393098
2023-09-08 00:00:00+00:00,3.12928,1,4.538722,2.5164637556932075,2.0222582443067925
2023-09-08 03:00:00+00:00,4.91744,9,6.75076,1.0659144873555153,5.684845512644484
2023-09-08 06:00:00+00:00,4.02336,9,7.887139,0.4175506160291462,7.469588383970854
2023-09-08 09:00:00+00:00,3.12928,11,5.272399,0.8141823559338004,4.4582166440662
2023-09-08 12:00:00+00:00,3.12928,9,7.78627,0.6150620522513215,7.1712079477486785
2023-09-08 18:00:00+00:00,4.02336,1,7.610784,3.4566977960308023,4.1540862039691975
2023-09-08 21:00:00+00:00,5.81152,1,12.626973999999999,8.212412466368505,4.414561533631494
2023-09-09 03:00:00+00:00,4.02336,9,8.253259,0.4175506160291462,7.835708383970854
2023-09-09 06:00:00+00:00,8.04672,11,13.521836,9.826242933959893,3.6955930660401073
2023-09-09 09:00:00+00:00,7.15264,12,6.755692,7.021151256419465,0.2654592564194651
2023-09-09 12:00:00+00:00,8.04672,9,7.550507,8.75061952773121,1.2001125277312106
2023-09-09 15:00:00+00:00,9.83488,11,21.182575,15.977563344733289,5.205011655266711
2023-09-09 18:00:00+00:00,8.04672,10,17.053435,9.341244225732844,7.712190774267157
2023-09-09 21:00:00+00:00,4.91744,10,6.269839,1.2515100658874374,5.018328934112563
2023-09-10 00:00:00+00:00,4.02336,9,3.075248,0.4175506160291462,2.657697383970854
2023-09-10 03:00:00+00:00,4.91744,8,2.372234,0.6329811129835576,1.7392528870164425
2023-09-10 06:00:00+00:00,3.12928,11,1.703948,0.8141823559338004,0.8897656440661996
2023-09-10 09:00:00+00:00,3.12928,9,1.275121,0.6150620522513215,0.6600589477486785
2023-09-10 12:00:00+00:00,4.91744,16,2.102009,5.615329261828981,3.513320261828981
2023-09-10 15:00:00+00:00,4.91744,1,2.326224,5.383940886486268,3.0577168864862685
2023-09-10 18:00:00+00:00,4.02336,3,3.0421709999999997,-0.10249144199572413,3.144662441995724
2023-09-10 21:00:00+00:00,5.81152,14,2.978591,4.201471645820819,1.2228806458208186
2023-09-11 03:00:00+00:00,4.91744,5,3.212164,-0.4236859346850217,3.6358499346850217
2023-09-11 06:00:00+00:00,4.91744,6,7.188999000000001,-0.38052047152777746,7.569519471527778
2023-09-11 09:00:00+00:00,4.02336,8,6.552367,-0.00694150738451782,6.559308507384518
2023-09-11 12:00:00+00:00,8.9408,8,6.950002,10.884324073400258,3.934322073400258
2023-09-11 15:00:00+00:00,8.9408,10,14.003672,12.335124146208777,1.6685478537912228
2023-09-11 18:00:00+00:00,8.04672,8,13.056700000000001,8.116318129982902,4.940381870017099
2023-09-11 21:00:00+00:00,7.15264,10,13.581720999999998,6.417259260498984,7.164461739501014
2023-09-12 00:00:00+00:00,8.04672,10,14.136554,9.341244225732844,4.795309774267157
2023-09-12 06:00:00+00:00,9.83488,7,8.218309999999999,13.150206117450196,4.931896117450197
2023-09-12 12:00:00+00:00,9.83488,7,15.327339,13.150206117450196,2.177132882549804
2023-09-12 15:00:00+00:00,8.9408,7,11.220876,10.477560224834665,0.7433157751653354
2023-09-12 18:00:00+00:00,8.04672,6,7.13767,7.752328149529525,0.6146581495295251
2023-09-12 21:00:00+00:00,5.81152,13,3.9169790000000004,3.3379398385890546,0.5790391614109458
2023-09-13 00:00:00+00:00,4.91744,6,1.735944,-0.38052047152777746,2.1164644715277774
2023-09-13 03:00:00+00:00,3.12928,13,1.085664,1.121934130046622,0.03627013004662194
2023-09-13 06:00:00+00:00,1.78816,4,0.950102,-0.014061849106148827,0.9641638491061488
2023-09-13 09:00:00+00:00,4.02336,2,3.073346,1.4631510381606834,1.6101949618393165
2023-09-13 12:00:00+00:00,4.02336,2,9.035538,1.4631510381606834,7.572386961839317
2023-09-13 15:00:00+00:00,7.15264,2,13.027270999999999,11.267507577909107,1.7597634220908915
2023-09-13 21:00:00+00:00,12.070079999999999,2,29.372183,27.726826497548803,1.6453565024511967
2023-09-14 03:00:00+00:00,16.98752,3,29.745748,31.217135282084712,1.471387282084713
2023-09-14 06:00:00+00:00,11.176,12,26.919571,20.566832470499737,6.3527385295002645
2023-09-14 09:00:00+00:00,12.96416,9,27.012349,21.304320183964208,5.708028816035792
2023-09-14 12:00:00+00:00,15.19936,9,30.710055,24.560010642970113,6.150044357029888
2023-09-14 15:00:00+00:00,16.09344,9,29.173386999999998,25.51941177303893,3.6539752269610695
2023-09-14 18:00:00+00:00,16.98752,9,31.053285000000002,26.16864514768993,4.884639852310073
2023-09-14 21:00:00+00:00,15.19936,11,28.063684000000002,25.2599127560258,2.8037712439742037
2023-09-15 00:00:00+00:00,13.85824,11,27.111953,24.03206763654216,3.0798853634578407
2023-09-15 03:00:00+00:00,12.070079999999999,10,24.510123999999998,20.578957235688094,3.9311667643119037
2023-09-15 06:00:00+00:00,9.83488,10,16.79696,15.149364158462442,1.647595841537557
2023-09-15 09:00:00+00:00,5.81152,10,10.215306,2.792995463619036,7.422310536380964
2023-09-15 12:00:00+00:00,7.15264,8,8.570912,5.42435981529543,3.1465521847045697
2023-09-15 15:00:00+00:00,7.15264,7,6.4758510000000005,4.950004721144401,1.5258462788555995
2023-09-15 18:00:00+00:00,7.15264,7,4.919944,4.950004721144401,0.030060721144400837
2023-09-15 21:00:00+00:00,8.04672,6,3.832002,7.752328149529525,3.920326149529525
2023-09-16 00:00:00+00:00,7.15264,13,4.357181000000001,7.573413800292709,3.2162328002927083
2023-09-16 03:00:00+00:00,7.15264,13,3.7015089999999997,7.573413800292709,3.8719048002927092
2023-09-16 06:00:00+00:00,8.04672,13,7.42445,11.018342562345516,3.5938925623455162
2023-09-16 09:00:00+00:00,7.15264,13,5.714696,7.573413800292709,1.858717800292709
2023-09-16 12:00:00+00:00,5.81152,6,4.351004,1.2294192412254183,3.1215847587745813
2023-09-16 15:00:00+00:00,4.02336,13,2.08541,0.8441675525734009,1.241242447426599
2023-09-16 18:00:00+00:00,1.78816,13,1.0536240000000001,3.0544072779702063,2.000783277970206
2023-09-16 21:00:00+00:00,0.89408,2,1.074133,2.7095844896756756,1.6354514896756756
2023-09-17 00:00:00+00:00,4.02336,1,1.7163000000000002,3.4566977960308023,1.7403977960308021
2023-09-17 03:00:00+00:00,4.91744,1,3.199723,5.383940886486268,2.1842178864862682
2023-09-17 06:00:00+00:00,5.81152,1,5.141911,8.212412466368505,3.070501466368505
2023-09-17 09:00:00+00:00,7.15264,2,11.321712,11.267507577909107,0.05420442209089238
2023-09-17 15:00:00+00:00,11.176,1,21.659789,27.90596244655901,6.246173446559009
2023-09-17 18:00:00+00:00,11.176,1,23.295107,27.90596244655901,4.6108554465590075
2023-09-17 21:00:00+00:00,9.83488,2,24.332386,22.241160968273487,2.0912250317265126
2023-09-18 00:00:00+00:00,8.9408,2,22.489683,18.93322367318119,3.5564593268188105
2023-09-18 03:00:00+00:00,9.83488,1,19.433411,24.419628188606076,4.986217188606076
2023-09-18 06:00:00+00:00,8.9408,2,17.772396,18.93322367318119,1.1608276731811884
2023-09-18 09:00:00+00:00,7.15264,2,12.822119,11.267507577909107,1.5546114220908933
2023-09-18 12:00:00+00:00,7.15264,2,4.46816,11.267507577909107,6.799347577909107
2023-09-18 15:00:00+00:00,1.78816,7,12.910067000000002,1.1930066458145792,11.717060354185422
2023-09-18 18:00:00+00:00,16.09344,8,29.009857,25.53209086139622,3.47776613860378
2023-09-18 21:00:00+00:00,12.96416,8,23.632663,20.68406177098344,2.9486012290165604
2023-09-19 00:00:00+00:00,11.176,9,20.108535,17.762420408260073,2.3461145917399264
2023-09-19 03:00:00+00:00,9.83488,11,22.632274000000002,15.977563344733289,6.6547106552667135
2023-09-19 06:00:00+00:00,7.15264,12,18.432257,7.021151256419465,11.411105743580535
2023-09-19 09:00:00+00:00,8.9408,12,19.352994,13.684019338478475,5.668974661521524
2023-09-19 12:00:00+00:00,9.83488,12,22.784219,16.801568844507248,5.9826501554927525
2023-09-19 15:00:00+00:00,7.15264,16,14.691531,11.86824860508182,2.823282394918179
2023-09-19 18:00:00+00:00,8.04672,12,14.826372,10.318426463734426,4.507945536265574
2023-09-19 21:00:00+00:00,5.81152,16,15.687287000000001,7.524012858187321,8.16327414181268
2023-09-20 00:00:00+00:00,8.04672,16,17.88788,15.317021956069018,2.570858043930981
2023-09-20 03:00:00+00:00,7.15264,14,17.633874,8.559358116315083,9.074515883684915
2023-09-20 09:00:00+00:00,11.176,14,16.054835999999998,22.70576350714104,6.650927507141041
2023-09-20 12:00:00+00:00,3.12928,2,6.937203,0.7231970322337631,6.214005967766237
2023-09-20 15:00:00+00:00,7.15264,3,11.641166,8.86372417379308,2.7774418262069194
2023-09-20 21:00:00+00:00,12.96416,16,27.650908,27.121312216046363,0.5295957839536385
2023-09-21 00:00:00+00:00,15.19936,12,23.762295,25.54024301634564,1.7779480163456398
2023-09-21 03:00:00+00:00,12.070079999999999,12,22.148716999999998,22.37746346930038,0.22874646930038267
2023-09-21 06:00:00+00:00,12.070079999999999,16,24.126334,26.537340252455948,2.411006252455948
2023-09-21 09:00:00+00:00,11.176,16,24.976643000000003,25.24228213303512,0.26563913303511555
2023-09-21 12:00:00+00:00,8.9408,16,17.563527,18.7658847101363,1.202357710136301
2023-09-21 15:00:00+00:00,8.04672,11,20.668169,9.826242933959893,10.841926066040106
2023-09-21 21:00:00+00:00,12.070079999999999,9,23.44272,19.669845467211804,3.7728745327881974
2023-09-22 00:00:00+00:00,9.83488,11,18.420385,15.977563344733289,2.4428216552667106
2023-09-22 03:00:00+00:00,8.9408,10,14.180751,12.335124146208777,1.8456268537912237
2023-09-22 09:00:00+00:00,11.176,7,21.515007,16.681424816634237,4.833582183365763
2023-09-22 12:00:00+00:00,12.070079999999999,7,26.621995,18.7045837911367,7.9174112088632995
2023-09-22 15:00:00+00:00,13.85824,7,29.149149,22.225127058281952,6.924021941718049
2023-09-22 18:00:00+00:00,12.96416,7,27.765771,20.530210716900235,7.235560283099765
2023-09-23 00:00:00+00:00,13.85824,7,23.573841,22.225127058281952,1.3487139417180494
2023-09-23 03:00:00+00:00,8.9408,7,19.266840000000002,10.477560224834665,8.789279775165337
2023-09-23 06:00:00+00:00,7.15264,7,14.664027,4.950004721144401,9.7140222788556
2023-09-23 09:00:00+00:00,7.15264,6,12.632671,4.866783496691802,7.765887503308198
2023-09-23 12:00:00+00:00,4.91744,7,4.797421,0.06752280541318356,4.729898194586816
2023-09-23 15:00:00+00:00,4.91744,8,1.8275389999999998,0.6329811129835576,1.1945578870164422
2023-09-23 18:00:00+00:00,0.89408,16,1.116404,7.541602920945262,6.425198920945262
2023-09-23 21:00:00+00:00,5.81152,2,12.873655,5.935073754962547,6.938581245037453
2023-09-24 00:00:00+00:00,9.83488,1,26.355162,24.419628188606076,1.935533811393924
2023-09-24 03:00:00+00:00,12.070079999999999,2,25.006681999999998,27.726826497548803,2.720144497548805
2023-09-24 06:00:00+00:00,11.176,1,25.254649,27.90596244655901,2.6513134465590085
2023-09-24 09:00:00+00:00,5.81152,16,16.49134,7.524012858187321,8.96732714181268
2023-09-24 12:00:00+00:00,7.15264,16,20.333861,11.86824860508182,8.465612394918178
2023-09-24 15:00:00+00:00,8.9408,1,20.644990999999997,21.227604444607756,0.5826134446077589
2023-09-24 18:00:00+00:00,11.176,1,25.4645,27.90596244655901,2.441462446559008
2023-09-24 21:00:00+00:00,15.19936,1,25.720523,31.32151400463061,5.600991004630611
2023-09-25 00:00:00+00:00,16.09344,16,27.043594,25.859227197963662,1.1843668020363367
2023-09-25 03:00:00+00:00,12.96416,12,24.1498,23.69287967285041,0.4569203271495894
2023-09-25 06:00:00+00:00,12.070079999999999,12,24.849731,22.37746346930038,2.472267530699618
2023-09-25 09:00:00+00:00,12.070079999999999,12,24.707815,22.37746346930038,2.3303515306996196
2023-09-25 12:00:00+00:00,11.176,12,22.960304999999998,20.566832470499737,2.3934725295002615
2023-09-25 15:00:00+00:00,11.176,9,21.961047,17.762420408260073,4.198626591739927
2023-09-25 18:00:00+00:00,8.04672,12,16.4517,10.318426463734426,6.133273536265573
2023-09-25 21:00:00+00:00,8.9408,16,20.901531,18.7658847101363,2.135646289863697
2023-09-26 00:00:00+00:00,11.176,16,23.454328,25.24228213303512,1.787954133035118
2023-09-26 03:00:00+00:00,11.176,16,24.893292,25.24228213303512,0.3489901330351195
2023-09-26 09:00:00+00:00,11.176,1,25.171654,27.90596244655901,2.734308446559009
2023-09-26 12:00:00+00:00,12.96416,1,25.498255999999998,30.2893580745626,4.791102074562602
2023-09-26 15:00:00+00:00,11.176,16,25.958112,25.24228213303512,0.7158298669648815
2023-09-26 21:00:00+00:00,7.15264,9,9.28903,5.981211522109536,3.3078184778904642
2023-09-27 00:00:00+00:00,9.83488,11,15.318339000000002,15.977563344733289,0.6592243447332873
2023-09-27 03:00:00+00:00,8.9408,9,9.839512,11.592648370541289,1.7531363705412897
2023-09-27 06:00:00+00:00,7.15264,16,8.03644,11.86824860508182,3.83180860508182
2023-09-27 09:00:00+00:00,7.15264,12,9.387874,7.021151256419465,2.366722743580535
2023-09-27 12:00:00+00:00,5.81152,1,5.029008,8.212412466368505,3.183404466368505
2023-09-27 15:00:00+00:00,8.04672,2,20.722569999999997,15.174247262313635,5.548322737686362
2023-09-27 18:00:00+00:00,9.83488,2,24.945942000000002,22.241160968273487,2.7047810317265153
2023-09-27 21:00:00+00:00,12.96416,3,25.097408,26.886309262983268,1.7889012629832663
2023-09-28 00:00:00+00:00,15.19936,3,24.574028,29.781267603636657,5.207239603636658
2023-09-28 03:00:00+00:00,9.83488,2,20.862021,22.241160968273487,1.3791399682734884
2023-09-28 06:00:00+00:00,4.91744,16,8.955812,5.615329261828981,3.340482738171019
2023-09-28 09:00:00+00:00,12.070079999999999,11,25.282311999999997,21.492026815348304,3.790285184651694
2023-09-28 12:00:00+00:00,13.85824,11,27.045270000000002,24.03206763654216,3.013202363457843
2023-09-28 15:00:00+00:00,8.9408,9,15.452563,11.592648370541289,3.8599146294587108
2023-09-29 00:00:00+00:00,8.9408,16,23.082227,18.7658847101363,4.316342289863698
2023-09-29 03:00:00+00:00,8.9408,16,22.756718,18.7658847101363,3.990833289863698
2023-09-29 06:00:00+00:00,11.176,16,26.37731,25.24228213303512,1.135027866964883
2023-09-29 09:00:00+00:00,12.96416,12,26.697314,23.69287967285041,3.004434327149589
2023-09-29 12:00:00+00:00,12.070079999999999,11,27.284344,21.492026815348304,5.792317184651697
2023-09-29 15:00:00+00:00,13.85824,10,27.284344,23.38304509928735,3.90129890071265
2023-09-29 18:00:00+00:00,16.98752,10,27.284344,26.126653090455726,1.1576909095442751
2023-09-29 21:00:00+00:00,19.22272,10,27.284344,25.446166419835976,1.8381775801640252
2023-09-30 00:00:00+00:00,15.19936,8,27.284344,24.370779302842898,2.9135646971571028
2023-09-30 06:00:00+00:00,9.83488,10,27.284344,15.149364158462442,12.13497984153756
2023-09-30 09:00:00+00:00,8.9408,8,27.284344,10.884324073400258,16.400019926599743
2023-09-30 15:00:00+00:00,0.89408,11,27.284344,4.477436330195546,22.806907669804453
2023-09-30 21:00:00+00:00,7.15264,2,27.284344,11.267507577909107,16.016836422090893
2023-10-01 00:00:00+00:00,9.83488,2,27.284344,22.241160968273487,5.043183031726514
2023-10-01 03:00:00+00:00,12.070079999999999,2,27.284344,27.726826497548803,0.4424824975488022
2023-10-01 09:00:00+00:00,7.15264,16,27.284344,11.86824860508182,15.41609539491818
2023-10-01 12:00:00+00:00,8.9408,9,27.284344,11.592648370541289,15.691695629458712
2023-10-01 15:00:00+00:00,11.176,11,27.284344,19.644452063521705,7.639891936478296
2023-10-01 18:00:00+00:00,11.176,9,27.284344,17.762420408260073,9.521923591739927
2023-10-01 21:00:00+00:00,7.15264,12,27.284344,7.021151256419465,20.263192743580536
2023-10-02 00:00:00+00:00,7.15264,12,27.284344,7.021151256419465,20.263192743580536
2023-10-02 03:00:00+00:00,8.04672,12,27.284344,10.318426463734426,16.965917536265575
2023-10-02 06:00:00+00:00,9.83488,12,27.284344,16.801568844507248,10.482775155492753
2023-10-02 09:00:00+00:00,8.9408,12,27.284344,13.684019338478475,13.600324661521526
2023-10-02 12:00:00+00:00,11.176,12,27.284344,20.566832470499737,6.717511529500264
2023-10-02 15:00:00+00:00,8.9408,9,27.284344,11.592648370541289,15.691695629458712
2023-10-02 18:00:00+00:00,8.04672,9,27.284344,8.75061952773121,18.53372447226879
2023-10-05 06:00:00+00:00,4.91744,10,5.268866,1.2515100658874374,4.017355934112563
2023-10-05 09:00:00+00:00,7.15264,9,8.310128,5.981211522109536,2.3289164778904645
2023-10-05 12:00:00+00:00,4.02336,16,8.140047,4.669364380878029,3.4706826191219697
2023-10-05 15:00:00+00:00,5.81152,2,21.074815,5.935073754962547,15.139741245037454
2023-10-05 18:00:00+00:00,12.070079999999999,3,28.810335000000002,25.36935927576419,3.4409757242358125
2023-10-05 21:00:00+00:00,8.9408,1,18.947516,21.227604444607756,2.280088444607756
2023-10-06 00:00:00+00:00,9.83488,12,15.344008,16.801568844507248,1.4575608445072472
2023-10-06 03:00:00+00:00,12.070079999999999,9,23.539087000000002,19.669845467211804,3.869241532788198
2023-10-06 06:00:00+00:00,17.8816,11,24.228627,26.041316195642004,1.8126891956420046
2023-10-06 09:00:00+00:00,17.8816,10,22.905172,26.204713890462667,3.2995418904626668
2023-10-06 12:00:00+00:00,16.09344,5,27.668423,27.923944568165425,0.25552156816542393
2023-10-06 15:00:00+00:00,12.96416,13,20.032794000000003,24.47758966354406,4.444795663544056
2023-10-06 18:00:00+00:00,12.070079999999999,5,18.210737,20.64690971734934,2.43617271734934
2023-10-06 21:00:00+00:00,8.9408,5,9.189633,11.778894050466118,2.589261050466117
2023-10-07 00:00:00+00:00,7.15264,5,8.120338,5.452295509780734,2.668042490219266
2023-10-07 03:00:00+00:00,8.04672,4,8.757588,10.281780995020108,1.5241929950201083
2023-10-07 06:00:00+00:00,8.04672,4,5.241241,10.281780995020108,5.040539995020109
2023-10-07 09:00:00+00:00,5.81152,15,5.459103,5.627727046579954,0.16862404657995445
2023-10-07 12:00:00+00:00,8.9408,4,6.687267,13.720986176622247,7.033719176622247
2023-10-07 15:00:00+00:00,7.15264,4,7.728106,6.821923969440517,0.9061820305594832
2023-10-07 18:00:00+00:00,7.15264,15,8.796492,10.029903503739057,1.233411503739056
2023-10-07 21:00:00+00:00,8.04672,14,11.08692,12.090923567713578,1.0040035677135783
2023-10-08 00:00:00+00:00,5.81152,14,10.275047,4.201471645820819,6.073575354179182
2023-10-08 03:00:00+00:00,7.15264,14,12.817249,8.559358116315083,4.257890883684917
2023-10-08 06:00:00+00:00,8.04672,2,19.313851,15.174247262313635,4.139603737686365
2023-10-08 09:00:00+00:00,9.83488,2,22.803213,22.241160968273487,0.5620520317265125
2023-10-08 12:00:00+00:00,12.070079999999999,2,25.251002,27.726826497548803,2.4758244975488033
2023-10-08 15:00:00+00:00,12.070079999999999,2,23.961106,27.726826497548803,3.765720497548802
2023-10-08 18:00:00+00:00,8.9408,2,11.957628,18.93322367318119,6.975595673181189
2023-10-08 21:00:00+00:00,9.83488,3,11.60276,19.545549008786633,7.942789008786633
2023-10-09 00:00:00+00:00,8.04672,3,9.710682,12.603691130323007,2.8930091303230068
2023-10-09 03:00:00+00:00,4.02336,14,1.577033,1.5886850591499169,0.01165205914991696
2023-10-09 06:00:00+00:00,3.12928,14,1.2694969999999999,1.8197181667605804,0.5502211667605805
2023-10-09 09:00:00+00:00,1.78816,2,1.182751,1.3726174097551045,0.18986640975510438
2023-10-09 12:00:00+00:00,3.12928,9,1.390387,0.6150620522513215,0.7753249477486786
2023-10-09 15:00:00+00:00,4.02336,8,4.733128,-0.00694150738451782,4.740069507384518
2023-10-09 21:00:00+00:00,4.91744,12,3.1987699999999997,1.2721308357224732,1.9266391642775265
2023-10-10 00:00:00+00:00,8.9408,16,14.279387,18.7658847101363,4.486497710136302
2023-10-10 03:00:00+00:00,8.9408,12,16.609295,13.684019338478475,2.9252756615215247
2023-10-10 06:00:00+00:00,9.83488,9,18.472734,14.28495610632597,4.1877778936740295
2023-10-10 09:00:00+00:00,11.176,9,21.932164999999998,17.762420408260073,4.169744591739924
2023-10-10 12:00:00+00:00,12.96416,9,24.28772,21.304320183964208,2.983399816035792
2023-10-10 15:00:00+00:00,12.070079999999999,11,24.049656,21.492026815348304,2.557629184651695
2023-10-10 18:00:00+00:00,16.09344,10,27.01469,25.66460256437825,1.3500874356217523
2023-10-10 21:00:00+00:00,16.98752,10,26.418173,26.126653090455726,0.29151990954427376
2023-10-11 00:00:00+00:00,17.8816,10,26.489345999999998,26.204713890462667,0.28463210953733054
2023-10-11 03:00:00+00:00,15.19936,10,26.307092,24.9116690689415,1.3954229310585013
2023-10-11 06:00:00+00:00,16.98752,10,27.045209,26.126653090455726,0.9185559095442741
2023-10-11 09:00:00+00:00,17.8816,10,24.721436,26.204713890462667,1.4832778904626664
2023-10-11 12:00:00+00:00,21.90496,10,27.443316,21.03888142042847,6.404434579571529
2023-10-11 15:00:00+00:00,19.22272,8,25.826112000000002,26.25098942874791,0.4248774287479087
2023-10-11 18:00:00+00:00,16.09344,7,27.074799,25.884787970692262,1.1900110293077368
2023-10-11 21:00:00+00:00,15.19936,7,26.544516,24.55813064814436,1.9863853518556418
2023-10-12 00:00:00+00:00,12.070079999999999,7,23.375589,18.7045837911367,4.671005208863303
2023-10-12 03:00:00+00:00,8.9408,7,16.586264,10.477560224834665,6.108703775165335
2023-10-12 06:00:00+00:00,4.91744,8,6.732864999999999,0.6329811129835576,6.099883887016442
2023-10-12 09:00:00+00:00,7.15264,16,16.386691,11.86824860508182,4.5184423949181785
2023-10-12 12:00:00+00:00,11.176,12,25.39903,20.566832470499737,4.832197529500263
2023-10-12 15:00:00+00:00,11.176,9,13.835636999999998,17.762420408260073,3.926783408260075
2023-10-12 18:00:00+00:00,8.9408,12,23.64982,13.684019338478475,9.965800661521524
2023-10-12 21:00:00+00:00,12.070079999999999,12,26.355816,22.37746346930038,3.9783525306996204
2023-10-13 00:00:00+00:00,12.070079999999999,10,21.510939,20.578957235688094,0.9319817643119066
2023-10-13 03:00:00+00:00,11.176,9,19.521001,17.762420408260073,1.7585805917399249
2023-10-13 06:00:00+00:00,12.96416,9,21.182904999999998,21.304320183964208,0.12141518396420992
2023-10-13 09:00:00+00:00,15.19936,9,27.812452999999998,24.560010642970113,3.252442357029885
2023-10-13 12:00:00+00:00,11.176,10,27.041731,18.705467801099555,8.336263198900443
2023-10-13 15:00:00+00:00,16.09344,8,27.099038999999998,25.53209086139622,1.5669481386037774
2023-10-13 18:00:00+00:00,16.09344,8,26.209699,25.53209086139622,0.6776081386037802
2023-10-13 21:00:00+00:00,17.8816,7,25.291606,27.385074016129067,2.0934680161290657
2023-10-14 00:00:00+00:00,17.8816,7,23.039566999999998,27.385074016129067,4.345507016129069
2023-10-14 03:00:00+00:00,20.1168,7,24.577139000000003,25.86626589624843,1.2891268962484261
2023-10-14 06:00:00+00:00,17.8816,7,25.16851,27.385074016129067,2.216564016129066
2023-10-14 09:00:00+00:00,17.8816,7,27.39872,27.385074016129067,0.01364598387093352
2023-10-14 12:00:00+00:00,16.98752,6,27.812095,27.76550836191027,0.04658663808972818
2023-10-14 15:00:00+00:00,16.98752,7,27.506647,26.878524652822065,0.6281223471779356
2023-10-14 18:00:00+00:00,16.98752,7,27.222240999999997,26.878524652822065,0.3437163471779314
2023-10-14 21:00:00+00:00,15.19936,7,25.937516000000002,24.55813064814436,1.3793853518556425
2023-10-15 00:00:00+00:00,12.070079999999999,7,25.661588000000002,18.7045837911367,6.957004208863303
2023-10-15 03:00:00+00:00,12.070079999999999,7,24.702357,18.7045837911367,5.9977732088633005
2023-10-15 06:00:00+00:00,12.070079999999999,6,15.385378000000001,19.22863483421845,3.843256834218449
2023-10-15 09:00:00+00:00,8.04672,6,15.135163,7.752328149529525,7.382834850470475
2023-10-15 12:00:00+00:00,7.15264,7,13.370092,4.950004721144401,8.420087278855599
2023-10-15 15:00:00+00:00,8.04672,7,9.896507999999999,7.676448332620753,2.220059667379246
2023-10-15 18:00:00+00:00,4.02336,8,1.46925,-0.00694150738451782,1.4761915073845178
2023-10-15 21:00:00+00:00,4.02336,16,3.9051090000000004,4.669364380878029,0.764255380878029
2023-10-16 00:00:00+00:00,8.04672,10,11.018958,9.341244225732844,1.677713774267156
2023-10-16 03:00:00+00:00,9.83488,10,17.053463999999998,15.149364158462442,1.9040998415375565
2023-10-16 06:00:00+00:00,11.176,11,17.905341999999997,19.644452063521705,1.7391100635217072
2023-10-16 09:00:00+00:00,9.83488,11,16.084135,15.977563344733289,0.10657165526671086
2023-10-16 12:00:00+00:00,11.176,11,17.953054,19.644452063521705,1.691398063521703
2023-10-16 15:00:00+00:00,11.176,11,17.898509,19.644452063521705,1.745943063521704
2023-10-16 18:00:00+00:00,9.83488,11,17.344601,15.977563344733289,1.3670376552667118
2023-10-16 21:00:00+00:00,12.070079999999999,11,18.878799,21.492026815348304,2.613227815348303
2023-10-17 00:00:00+00:00,11.176,11,19.269448,19.644452063521705,0.375004063521704
2023-10-17 03:00:00+00:00,11.176,10,18.422567,18.705467801099555,0.2829008010995544
2023-10-17 06:00:00+00:00,8.04672,10,14.228019,9.341244225732844,4.886774774267156
2023-10-17 09:00:00+00:00,8.9408,10,11.875621,12.335124146208777,0.4595031462087764
2023-10-17 12:00:00+00:00,4.91744,10,6.976034,1.2515100658874374,5.724523934112563
2023-10-17 15:00:00+00:00,3.12928,10,1.709935,0.799581806082255,0.9103531939177449
2023-10-17 18:00:00+00:00,1.78816,14,1.197171,3.678828963728911,2.481657963728911
2023-10-17 21:00:00+00:00,4.02336,2,2.512447,1.4631510381606834,1.0492959618393165
2023-10-18 00:00:00+00:00,5.81152,2,12.390259,5.935073754962547,6.455185245037454
2023-10-18 03:00:00+00:00,8.9408,1,13.585018999999999,21.227604444607756,7.642585444607757
2023-10-18 06:00:00+00:00,9.83488,2,15.667597,22.241160968273487,6.573563968273486
2023-10-18 09:00:00+00:00,11.176,2,23.019821,26.007613919455864,2.9877929194558632
2023-10-18 12:00:00+00:00,12.070079999999999,3,25.762694,25.36935927576419,0.3933347242358103
2023-10-18 15:00:00+00:00,12.070079999999999,2,27.031196,27.726826497548803,0.6956304975488017
2023-10-18 18:00:00+00:00,13.85824,3,26.869880000000002,28.151538956491834,1.2816589564918317
2023-10-18 21:00:00+00:00,12.96416,3,26.06807,26.886309262983268,0.8182392629832691
2023-10-19 00:00:00+00:00,16.09344,3,26.046349,30.65958345187682,4.613234451876821
2023-10-19 03:00:00+00:00,16.98752,3,26.803459,31.217135282084712,4.413676282084712
2023-10-19 06:00:00+00:00,17.8816,3,25.750784,31.263775542658415,5.5129915426584155
2023-10-19 09:00:00+00:00,20.1168,3,27.042004,28.274905437042776,1.232901437042777
2023-10-19 12:00:00+00:00,20.1168,3,20.709186,28.274905437042776,7.565719437042777
2023-10-19 15:00:00+00:00,20.1168,3,14.583461,28.274905437042776,13.691444437042776
2023-10-19 18:00:00+00:00,21.01088,3,14.242703,25.879991983035133,11.637288983035132
2023-10-19 21:00:00+00:00,20.1168,3,15.756901000000001,28.274905437042776,12.518004437042775
2023-10-20 00:00:00+00:00,20.1168,3,20.400479,28.274905437042776,7.874426437042775
2023-10-20 03:00:00+00:00,19.22272,3,23.600246,30.032971557968217,6.432725557968219
2023-10-20 06:00:00+00:00,19.22272,3,24.79279,30.032971557968217,5.240181557968217
2023-10-20 09:00:00+00:00,19.22272,3,25.484157,30.032971557968217,4.5488145579682175
2023-10-20 12:00:00+00:00,17.8816,3,21.670912,31.263775542658415,9.592863542658414
2023-10-20 15:00:00+00:00,16.09344,14,18.935768,25.890670879292045,6.954902879292046
2023-10-20 18:00:00+00:00,16.09344,14,20.311725,25.890670879292045,5.578945879292046
2023-10-20 21:00:00+00:00,16.09344,14,19.199404,25.890670879292045,6.691266879292044
2023-10-21 00:00:00+00:00,16.09344,14,19.24091,25.890670879292045,6.649760879292046
2023-10-21 03:00:00+00:00,17.8816,14,19.078227000000002,25.114919593239424,6.036692593239422
2023-10-21 06:00:00+00:00,15.19936,15,19.185657,26.289542592893923,7.103885592893924
2023-10-21 09:00:00+00:00,13.85824,14,20.527355,25.847885823803246,5.320530823803246
2023-10-21 12:00:00+00:00,16.09344,14,20.239419,25.890670879292045,5.651251879292044
2023-10-21 15:00:00+00:00,17.8816,15,25.963992,24.69819223389515,1.265799766104852
2023-10-21 18:00:00+00:00,19.22272,14,22.489244,23.966302656210196,1.4770586562101968
2023-10-21 21:00:00+00:00,17.8816,3,24.611898,31.263775542658415,6.651877542658415
2023-10-22 00:00:00+00:00,12.96416,2,23.203729,28.962863917764892,5.759134917764893
2023-10-22 03:00:00+00:00,12.96416,1,22.045521,30.2893580745626,8.243837074562599
2023-10-22 06:00:00+00:00,9.83488,16,11.20486,21.85099522728695,10.646135227286951
2023-10-22 09:00:00+00:00,5.81152,16,7.487114999999999,7.524012858187321,0.03689785818732183
2023-10-22 12:00:00+00:00,8.04672,9,9.936188,8.75061952773121,1.1855684722687894
2023-10-22 15:00:00+00:00,8.04672,11,8.942285,9.826242933959893,0.8839579339598931
2023-10-22 18:00:00+00:00,7.15264,11,11.72376,6.713161541314005,5.010598458685996
2023-10-22 21:00:00+00:00,8.04672,11,9.156558,9.826242933959893,0.6696849339598927
2023-10-23 00:00:00+00:00,5.81152,11,7.388511,2.8694220407493347,4.519088959250666
2023-10-23 03:00:00+00:00,5.81152,11,5.907959,2.8694220407493347,3.0385369592506652
2023-10-23 06:00:00+00:00,5.81152,10,3.675271,2.792995463619036,0.882275536380964
2023-10-23 09:00:00+00:00,4.91744,12,3.9177480000000005,1.2721308357224732,2.6456171642775272
2023-10-23 12:00:00+00:00,4.91744,16,4.274146,5.615329261828981,1.3411832618289807
2023-10-23 15:00:00+00:00,5.81152,1,5.285704,8.212412466368505,2.9267084663685052
2023-10-23 18:00:00+00:00,7.15264,1,10.63542,13.630987129370558,2.995567129370558
2023-10-23 21:00:00+00:00,7.15264,2,16.36533,11.267507577909107,5.097822422090893
2023-10-24 00:00:00+00:00,8.04672,2,14.170178,15.174247262313635,1.0040692623136351
2023-10-24 03:00:00+00:00,8.04672,2,19.886702,15.174247262313635,4.712454737686365
2023-10-24 06:00:00+00:00,8.9408,2,14.924063,18.93322367318119,4.009160673181189
2023-10-24 09:00:00+00:00,8.04672,2,11.394992,15.174247262313635,3.779255262313635
2023-10-24 12:00:00+00:00,7.15264,14,6.0127310000000005,8.559358116315083,2.546627116315083
2023-10-24 15:00:00+00:00,5.81152,2,16.790988,5.935073754962547,10.855914245037452
2023-10-24 18:00:00+00:00,8.9408,3,11.787115,16.26025099683717,4.4731359968371684
2023-10-24 21:00:00+00:00,9.83488,3,15.534277,19.545549008786633,4.011272008786634
2023-10-25 00:00:00+00:00,8.04672,3,12.6222,12.603691130323007,0.01850886967699239
2023-10-25 03:00:00+00:00,11.176,3,15.074373999999999,23.447339364267748,8.372965364267749
2023-10-25 06:00:00+00:00,11.176,3,13.857243,23.447339364267748,9.590096364267747
2023-10-25 09:00:00+00:00,11.176,3,15.248413,23.447339364267748,8.198926364267749
2023-10-25 12:00:00+00:00,9.83488,3,16.220909,19.545549008786633,3.324640008786634
2023-10-25 15:00:00+00:00,11.176,3,16.204647,23.447339364267748,7.2426923642677465
2023-10-25 18:00:00+00:00,9.83488,3,12.063854,19.545549008786633,7.481695008786634
2023-10-25 21:00:00+00:00,9.83488,14,16.038417,18.937055364376914,2.8986383643769145
2023-10-26 00:00:00+00:00,12.070079999999999,14,17.444564,24.33947232141415,6.8949083214141496
2023-10-26 03:00:00+00:00,13.85824,14,19.593078,25.847885823803246,6.254807823803247
2023-10-26 06:00:00+00:00,13.85824,14,19.580703,25.847885823803246,6.267182823803246
2023-10-26 09:00:00+00:00,15.19936,3,26.106597,29.781267603636657,3.674670603636656
2023-10-26 12:00:00+00:00,16.09344,3,26.942202,30.65958345187682,3.7173814518768182
2023-10-26 15:00:00+00:00,15.19936,3,24.654074,29.781267603636657,5.127193603636655
2023-10-26 18:00:00+00:00,12.96416,3,24.951255,26.886309262983268,1.935054262983268
2023-10-26 21:00:00+00:00,13.85824,3,22.181808,28.151538956491834,5.9697309564918335
2023-10-27 00:00:00+00:00,13.85824,3,22.207228,28.151538956491834,5.944310956491833
2023-10-27 03:00:00+00:00,13.85824,3,21.46629,28.151538956491834,6.685248956491833
2023-10-27 06:00:00+00:00,11.176,3,20.357264999999998,23.447339364267748,3.0900743642677497
2023-10-27 09:00:00+00:00,11.176,3,21.230603,23.447339364267748,2.2167363642677493
2023-10-27 12:00:00+00:00,8.9408,3,20.001111,16.26025099683717,3.740860003162833
2023-10-27 15:00:00+00:00,9.83488,3,18.19222,19.545549008786633,1.353329008786634
2023-10-27 18:00:00+00:00,9.83488,14,19.524912999999998,18.937055364376914,0.5878576356230845
2023-10-27 21:00:00+00:00,9.83488,3,18.502091999999998,19.545549008786633,1.0434570087866355
2023-10-28 00:00:00+00:00,9.83488,14,18.625941,18.937055364376914,0.31111436437691253
2023-10-28 03:00:00+00:00,8.9408,14,17.009805999999998,15.671681465116546,1.3381245348834518
2023-10-28 06:00:00+00:00,9.83488,14,18.532702,18.937055364376914,0.40435336437691305
2023-10-28 09:00:00+00:00,11.176,3,20.357991,23.447339364267748,3.0893483642677495
2023-10-28 12:00:00+00:00,12.96416,3,22.12488,26.886309262983268,4.761429262983267
2023-10-28 15:00:00+00:00,12.070079999999999,3,23.422235,25.36935927576419,1.947124275764189
2023-10-28 18:00:00+00:00,12.96416,14,23.294542,25.338561714505964,2.044019714505964
2023-10-28 21:00:00+00:00,13.85824,14,21.333317,25.847885823803246,4.514568823803245
2023-10-29 00:00:00+00:00,16.09344,14,21.611185,25.890670879292045,4.2794858792920465
2023-10-29 03:00:00+00:00,15.19936,14,21.278292999999998,26.022103671200604,4.743810671200606
2023-10-29 06:00:00+00:00,15.19936,14,21.533115000000002,26.022103671200604,4.488988671200602
2023-10-29 09:00:00+00:00,15.19936,15,22.763332,26.289542592893923,3.526210592893925
2023-10-29 12:00:00+00:00,12.96416,15,23.650409,26.261022470976343,2.610613470976343
2023-10-29 15:00:00+00:00,12.96416,15,21.650938,26.261022470976343,4.610084470976343
2023-10-29 18:00:00+00:00,13.85824,15,20.740115,26.52578121258818,5.785666212588179
2023-10-29 21:00:00+00:00,13.85824,15,20.867086999999998,26.52578121258818,5.6586942125881805
2023-10-30 00:00:00+00:00,13.85824,4,21.331566000000002,26.08852300020981,4.756957000209809
2023-10-30 03:00:00+00:00,15.19936,4,19.632460000000002,28.175359820851654,8.542899820851652
2023-10-30 06:00:00+00:00,12.96416,4,20.145679,24.553585464596125,4.407906464596124
2023-10-30 09:00:00+00:00,12.070079999999999,4,19.269484,22.825881958636256,3.556397958636257
2023-10-30 12:00:00+00:00,12.96416,15,17.426191,26.261022470976343,8.834831470976344
2023-10-30 15:00:00+00:00,13.85824,4,19.471706,26.08852300020981,6.61681700020981
2023-10-30 18:00:00+00:00,13.85824,4,21.50051,26.08852300020981,4.588013000209813
2023-10-30 21:00:00+00:00,11.176,4,19.004707,20.777074611318792,1.772367611318792
2023-10-31 00:00:00+00:00,12.070079999999999,15,15.968182,25.464071105672172,9.495889105672171
2023-10-31 03:00:00+00:00,8.04672,15,17.632817,13.567636422295466,4.065180577704533
2023-10-31 06:00:00+00:00,9.83488,4,15.415717,16.876371431467383,1.4606544314673826
2023-10-31 09:00:00+00:00,9.83488,4,9.609308,16.876371431467383,7.267063431467383
2023-10-31 12:00:00+00:00,4.02336,14,11.279267,1.5886850591499169,9.690581940850084
2023-10-31 15:00:00+00:00,9.83488,4,6.122847,16.876371431467383,10.753524431467383
2023-10-31 18:00:00+00:00,5.81152,3,4.061566,3.8629477825890906,0.19861821741090946
2023-10-31 21:00:00+00:00,8.04672,14,8.099167,12.090923567713578,3.991756567713578
2023-11-01 00:00:00+00:00,5.81152,15,7.998676000000001,5.627727046579954,2.3709489534200463
2023-11-01 03:00:00+00:00,8.9408,4,10.100177,13.720986176622247,3.620809176622247
2023-11-01 06:00:00+00:00,5.81152,4,7.669466,2.2958851330097545,5.373580866990245
2023-11-01 09:00:00+00:00,8.9408,4,10.361282,13.720986176622247,3.359704176622248
2023-11-01 12:00:00+00:00,8.9408,15,17.71571,17.13272857256794,0.5829814274320597
2023-11-01 15:00:00+00:00,11.176,14,23.531374,22.70576350714104,0.82561049285896
2023-11-01 18:00:00+00:00,12.070079999999999,15,26.091599,25.464071105672172,0.6275278943278266
2023-11-01 21:00:00+00:00,12.96416,14,26.8007,25.338561714505964,1.462138285494035
2023-11-02 00:00:00+00:00,8.9408,3,13.210748,16.26025099683717,3.049502996837168
2023-11-02 03:00:00+00:00,4.91744,1,9.097512,5.383940886486268,3.7135711135137317
2023-11-02 06:00:00+00:00,7.15264,16,15.801374,11.86824860508182,3.9331253949181786
2023-11-02 09:00:00+00:00,8.04672,1,11.893302,17.529873882333714,5.636571882333714
2023-11-02 12:00:00+00:00,8.9408,3,16.592633,16.26025099683717,0.33238200316283084
2023-11-02 15:00:00+00:00,8.9408,14,16.796671,15.671681465116546,1.1249895348834542
2023-11-02 18:00:00+00:00,12.070079999999999,14,20.018946999999997,24.33947232141415,4.320525321414152
2023-11-02 21:00:00+00:00,12.96416,15,23.717134,26.261022470976343,2.5438884709763414
2023-11-03 00:00:00+00:00,12.070079999999999,15,23.271721999999997,25.464071105672172,2.192349105672175
2023-11-03 03:00:00+00:00,11.176,15,24.762238,23.982945979491593,0.7792920205084073
2023-11-03 06:00:00+00:00,12.070079999999999,4,25.207298,22.825881958636256,2.381416041363746
2023-11-03 09:00:00+00:00,11.176,4,24.477206000000002,20.777074611318792,3.7001313886812106
2023-11-03 12:00:00+00:00,8.9408,14,21.962853000000003,15.671681465116546,6.291171534883457
2023-11-03 15:00:00+00:00,5.81152,14,12.0134,4.201471645820819,7.811928354179182
2023-11-03 18:00:00+00:00,4.91744,15,4.47672,3.745740408212235,0.7309795917877651
2023-11-03 21:00:00+00:00,4.02336,4,4.838846,-1.0673742452481747,5.906220245248175
2023-11-04 00:00:00+00:00,4.91744,5,4.814095,-0.4236859346850217,5.237780934685022
2023-11-04 03:00:00+00:00,1.78816,5,1.257549,0.07814756585761629,1.1794014341423837
2023-11-04 06:00:00+00:00,0.89408,2,1.233623,2.7095844896756756,1.4759614896756756
2023-11-04 09:00:00+00:00,1.78816,11,1.319701,2.6323882826056,1.3126872826056
2023-11-04 12:00:00+00:00,4.02336,12,2.253135,0.5702060636597697,1.6829289363402302
2023-11-04 15:00:00+00:00,4.91744,9,1.83917,1.0659144873555153,0.7732555126444847
2023-11-04 18:00:00+00:00,4.02336,16,2.4650719999999997,4.669364380878029,2.2042923808780297
2023-11-04 21:00:00+00:00,4.02336,16,5.078951,4.669364380878029,0.4095866191219706
2023-11-05 00:00:00+00:00,1.78816,12,2.260152,2.7519489028877295,0.49179690288772937
2023-11-05 03:00:00+00:00,3.12928,2,1.998134,0.7231970322337631,1.274936967766237
2023-11-05 06:00:00+00:00,1.78816,2,1.353432,1.3726174097551045,0.01918540975510452
2023-11-05 09:00:00+00:00,4.02336,3,1.646784,-0.10249144199572413,1.7492754419957242
2023-11-05 12:00:00+00:00,1.78816,3,1.281973,0.4051980909849249,0.8767749090150752
2023-11-05 15:00:00+00:00,3.12928,2,2.150201,0.7231970322337631,1.427003967766237
2023-11-05 18:00:00+00:00,4.02336,1,1.332445,3.4566977960308023,2.1242527960308024
2023-11-05 21:00:00+00:00,3.12928,1,1.432831,2.5164637556932075,1.0836327556932075
2023-11-06 00:00:00+00:00,3.12928,3,1.677929,-0.591646169524747,2.269575169524747
2023-11-06 03:00:00+00:00,4.91744,1,1.603994,5.383940886486268,3.779946886486268
2023-11-06 06:00:00+00:00,3.12928,1,1.5617729999999999,2.5164637556932075,0.9546907556932076
2023-11-06 09:00:00+00:00,1.78816,1,3.373059,2.8225147658909577,0.5505442341090423
2023-11-06 12:00:00+00:00,3.12928,1,1.09168,2.5164637556932075,1.4247837556932075
2023-11-06 15:00:00+00:00,3.12928,14,1.508383,1.8197181667605804,0.3113351667605804
2023-11-06 18:00:00+00:00,4.02336,2,1.943852,1.4631510381606834,0.48070096183931654
2023-11-06 21:00:00+00:00,3.12928,4,1.0004950000000001,-1.3059778271237263,2.3064728271237263
2023-11-07 00:00:00+00:00,5.81152,15,1.2411969999999999,5.627727046579954,4.386530046579955
2023-11-07 03:00:00+00:00,1.78816,5,1.324848,0.07814756585761629,1.2467004341423837
2023-11-07 06:00:00+00:00,4.02336,3,2.207108,-0.10249144199572413,2.309599441995724
2023-11-07 09:00:00+00:00,3.12928,4,1.845269,-1.3059778271237263,3.1512468271237264
2023-11-07 12:00:00+00:00,1.78816,1,1.377837,2.8225147658909577,1.4446777658909578
2023-11-07 15:00:00+00:00,1.78816,9,1.865086,2.2728814004609745,0.4077954004609745
2023-11-07 18:00:00+00:00,1.78816,16,2.0735609999999998,6.04490756962714,3.9713465696271406
2023-11-07 21:00:00+00:00,4.02336,10,1.8273949999999999,0.5833820367121643,1.2440129632878356
2023-11-08 00:00:00+00:00,1.78816,11,1.24972,2.6323882826056,1.3826682826056
2023-11-08 03:00:00+00:00,3.12928,1,1.851649,2.5164637556932075,0.6648147556932074
2023-11-08 06:00:00+00:00,5.81152,2,11.742713,5.935073754962547,5.807639245037453
2023-11-08 09:00:00+00:00,12.070079999999999,2,26.61094,27.726826497548803,1.1158864975488036
2023-11-08 12:00:00+00:00,12.070079999999999,1,26.349324000000003,29.36650089039984,3.0171768903998384
2023-11-08 15:00:00+00:00,7.15264,9,16.540613999999998,5.981211522109536,10.559402477890462
2023-11-08 18:00:00+00:00,8.9408,11,14.671837,13.008612927832402,1.6632240721675977
2023-11-08 21:00:00+00:00,8.04672,12,16.437170000000002,10.318426463734426,6.118743536265576
2023-11-09 00:00:00+00:00,7.15264,16,22.7539,11.86824860508182,10.885651394918181
2023-11-09 03:00:00+00:00,8.04672,16,18.882929,15.317021956069018,3.5659070439309826
2023-11-09 06:00:00+00:00,7.15264,16,11.621175,11.86824860508182,0.2470736050818214
2023-11-09 09:00:00+00:00,4.02336,16,9.381022999999999,4.669364380878029,4.71165861912197
2023-11-09 12:00:00+00:00,4.02336,16,7.20147,4.669364380878029,2.53210561912197
2023-11-09 15:00:00+00:00,1.78816,14,6.778474,3.678828963728911,3.099645036271089
2023-11-09 18:00:00+00:00,3.12928,3,1.159893,-0.591646169524747,1.751539169524747
2023-11-09 21:00:00+00:00,1.78816,15,1.276194,4.68625771153477,3.41006371153477
2023-11-10 00:00:00+00:00,1.78816,4,2.605758,-0.014061849106148827,2.6198198491061486
2023-11-10 03:00:00+00:00,4.91744,5,1.180686,-0.4236859346850217,1.6043719346850216
2023-11-10 06:00:00+00:00,1.78816,15,2.5645,4.68625771153477,2.1217577115347703
2023-11-10 09:00:00+00:00,5.81152,5,3.6094150000000003,1.4181293415208085,2.1912856584791918
2023-11-10 12:00:00+00:00,11.176,5,19.634255,18.550752670567086,1.083502329432914
2023-11-10 15:00:00+00:00,11.176,4,7.392545,20.777074611318792,13.384529611318792
2023-11-10 18:00:00+00:00,8.04672,4,2.369774,10.281780995020108,7.912006995020109
2023-11-10 21:00:00+00:00,4.91744,5,10.635333,-0.4236859346850217,11.059018934685021
2023-11-11 00:00:00+00:00,9.83488,13,13.807505,17.751195590961476,3.9436905909614755
2023-11-11 03:00:00+00:00,8.9408,13,16.955564000000003,14.525989209779947,2.4295747902200553
2023-11-11 06:00:00+00:00,8.04672,13,12.196621,11.018342562345516,1.178278437654484
2023-11-11 09:00:00+00:00,8.04672,13,14.981672,11.018342562345516,3.963329437654483
2023-11-11 12:00:00+00:00,8.9408,13,12.183397,14.525989209779947,2.342592209779948
2023-11-11 15:00:00+00:00,7.15264,13,7.542992,7.573413800292709,0.030421800292709023
2023-11-11 18:00:00+00:00,3.12928,7,6.92248,-0.43722849464646885,7.359708494646469
2023-11-11 21:00:00+00:00,4.91744,5,4.204149,-0.4236859346850217,4.627834934685022
2023-11-12 00:00:00+00:00,4.91744,15,1.395276,3.745740408212235,2.3504644082122352
2023-11-12 03:00:00+00:00,4.91744,4,1.36559,0.1512528237127544,1.2143371762872457
2023-11-12 06:00:00+00:00,4.02336,14,2.553792,1.5886850591499169,0.9651069408500832
2023-11-12 09:00:00+00:00,4.91744,14,2.687352,2.3735956518775776,0.3137563481224226
2023-11-12 12:00:00+00:00,5.81152,2,2.839082,5.935073754962547,3.095991754962547
2023-11-12 15:00:00+00:00,4.91744,2,9.216289,3.2263076783053,5.9899813216946995
2023-11-12 18:00:00+00:00,5.81152,2,9.834977,5.935073754962547,3.8999032450374536
2023-11-12 21:00:00+00:00,5.81152,1,14.426342,8.212412466368505,6.213929533631495
2023-11-13 00:00:00+00:00,8.9408,2,18.975655,18.93322367318119,0.04243132681881079
2023-11-13 03:00:00+00:00,11.176,2,25.859509000000003,26.007613919455864,0.1481049194558608
2023-11-13 06:00:00+00:00,13.85824,3,26.413007,28.151538956491834,1.7385319564918333
2023-11-13 09:00:00+00:00,15.19936,3,28.399310999999997,29.781267603636657,1.3819566036366595
2023-11-13 12:00:00+00:00,15.19936,3,27.254378000000003,29.781267603636657,2.526889603636654
2023-11-13 15:00:00+00:00,13.85824,14,28.708727,25.847885823803246,2.860841176196754
2023-11-13 18:00:00+00:00,15.19936,14,27.826664,26.022103671200604,1.804560328799397
2023-11-13 21:00:00+00:00,9.83488,3,25.333301,19.545549008786633,5.787751991213366
2023-11-14 00:00:00+00:00,11.176,14,21.577927000000003,22.70576350714104,1.127836507141037
2023-11-14 03:00:00+00:00,8.9408,3,18.062451,16.26025099683717,1.802200003162831
2023-11-14 06:00:00+00:00,4.02336,1,8.979987999999999,3.4566977960308023,5.5232902039691965
2023-11-14 09:00:00+00:00,4.91744,3,9.352049000000001,1.4043942721451739,7.947654727854827
2023-11-14 12:00:00+00:00,8.04672,15,5.779508,13.567636422295466,7.7881284222954665
2023-11-14 15:00:00+00:00,4.91744,3,5.857219000000001,1.4043942721451739,4.452824727854827
2023-11-14 18:00:00+00:00,5.81152,3,4.291519,3.8629477825890906,0.42857121741090953
2023-11-14 21:00:00+00:00,4.91744,14,6.546654,2.3735956518775776,4.173058348122423
2023-11-15 00:00:00+00:00,4.02336,15,3.009249,2.8844349863458483,0.12481401365415179
2023-11-15 03:00:00+00:00,4.02336,15,2.334096,2.8844349863458483,0.5503389863458481
2023-11-15 06:00:00+00:00,4.91744,4,2.637967,0.1512528237127544,2.486714176287246
2023-11-15 09:00:00+00:00,1.78816,10,2.400018,2.52217938867628,0.12216138867627979
2023-11-15 12:00:00+00:00,4.02336,13,1.952383,0.8441675525734009,1.108215447426599
2023-11-15 15:00:00+00:00,4.02336,5,2.027926,-1.3833802637158712,3.411306263715871
2023-11-15 18:00:00+00:00,3.12928,4,1.4746089999999998,-1.3059778271237263,2.7805868271237264
2023-11-15 21:00:00+00:00,1.78816,15,1.97138,4.68625771153477,2.71487771153477
2023-11-16 00:00:00+00:00,3.12928,2,1.127628,0.7231970322337631,0.404430967766237
2023-11-16 03:00:00+00:00,0.89408,14,1.229174,5.538084158356661,4.30891015835666
2023-11-16 06:00:00+00:00,1.78816,14,1.392227,3.678828963728911,2.286601963728911
2023-11-16 09:00:00+00:00,3.12928,14,2.900118,1.8197181667605804,1.0803998332394196
2023-11-16 12:00:00+00:00,3.12928,3,2.873552,-0.591646169524747,3.465198169524747
2023-11-16 15:00:00+00:00,4.02336,3,4.291336,-0.10249144199572413,4.393827441995724
2023-11-16 18:00:00+00:00,5.81152,3,4.2817419999999995,3.8629477825890906,0.41879421741090894
2023-11-16 21:00:00+00:00,4.91744,3,6.725903,1.4043942721451739,5.321508727854826
2023-11-17 00:00:00+00:00,4.91744,3,4.9306529999999995,1.4043942721451739,3.5262587278548256
2023-11-17 03:00:00+00:00,4.02336,14,3.312726,1.5886850591499169,1.7240409408500832
2023-11-17 06:00:00+00:00,5.81152,15,4.30869,5.627727046579954,1.319037046579954
2023-11-17 09:00:00+00:00,5.81152,4,4.351821,2.2958851330097545,2.0559358669902457
2023-11-17 12:00:00+00:00,1.78816,3,1.3372300000000001,0.4051980909849249,0.9320319090150753
2023-11-17 15:00:00+00:00,1.78816,15,1.112298,4.68625771153477,3.57395971153477
2023-11-17 18:00:00+00:00,4.02336,2,1.824623,1.4631510381606834,0.36147196183931674
2023-11-17 21:00:00+00:00,5.81152,3,9.371312,3.8629477825890906,5.508364217410909
2023-11-18 00:00:00+00:00,8.04672,2,19.901546000000003,15.174247262313635,4.727298737686368
2023-11-18 03:00:00+00:00,11.176,2,27.623554,26.007613919455864,1.615940080544135
2023-11-18 06:00:00+00:00,12.070079999999999,2,28.395567999999997,27.726826497548803,0.6687415024511942
2023-11-18 09:00:00+00:00,12.070079999999999,2,30.827066,27.726826497548803,3.1002395024511955
2023-11-18 12:00:00+00:00,13.85824,2,30.508592,29.887793397930054,0.6207986020699465
2023-11-18 15:00:00+00:00,13.85824,2,26.429361,29.887793397930054,3.4584323979300535
2023-11-18 18:00:00+00:00,12.96416,3,26.355233,26.886309262983268,0.5310762629832695
2023-11-18 21:00:00+00:00,8.04672,3,13.267883,12.603691130323007,0.6641918696769924
2023-11-19 00:00:00+00:00,5.81152,2,5.57124,5.935073754962547,0.36383375496254633
2023-11-19 03:00:00+00:00,4.91744,1,4.456016,5.383940886486268,0.9279248864862684
2023-11-19 06:00:00+00:00,4.02336,1,3.159016,3.4566977960308023,0.29768179603080247
2023-11-19 09:00:00+00:00,3.12928,2,3.006016,0.7231970322337631,2.2828189677662367
2023-11-19 12:00:00+00:00,1.78816,16,3.045016,6.04490756962714,2.9998915696271404
2023-11-19 15:00:00+00:00,1.78816,2,2.984016,1.3726174097551045,1.6113985902448955
2023-11-19 18:00:00+00:00,0.89408,15,2.7610159999999997,6.4020810629298825,3.641065062929883
2023-11-19 21:00:00+00:00,1.78816,4,2.895016,-0.014061849106148827,2.909077849106149
2023-11-20 00:00:00+00:00,3.12928,4,2.9310159999999996,-1.3059778271237263,4.236993827123726
2023-11-20 03:00:00+00:00,11.176,15,5.1410160000000005,23.982945979491593,18.841929979491592
2023-11-20 06:00:00+00:00,12.070079999999999,15,15.500016,25.464071105672172,9.964055105672172
2023-11-20 09:00:00+00:00,12.96416,4,16.298015,24.553585464596125,8.255570464596126
2023-11-20 12:00:00+00:00,12.070079999999999,4,30.574336000000002,22.825881958636256,7.748454041363747
2023-11-20 15:00:00+00:00,12.070079999999999,5,23.346899,20.64690971734934,2.699989282650659
2023-11-20 18:00:00+00:00,8.04672,5,20.359485,8.60085915235636,11.75862584764364
2023-11-20 21:00:00+00:00,8.9408,5,11.710715,11.778894050466118,0.06817905046611727
2023-11-21 00:00:00+00:00,7.15264,13,3.240277,7.573413800292709,4.333136800292709
2023-11-21 03:00:00+00:00,4.02336,6,1.4258760000000001,-1.1534331216958442,2.5793091216958444
2023-11-21 06:00:00+00:00,1.78816,8,1.333999,1.8160972252395524,0.4820982252395525
2023-11-21 09:00:00+00:00,4.91744,12,6.310328999999999,1.2721308357224732,5.038198164277526
2023-11-21 12:00:00+00:00,8.04672,12,9.895539000000001,10.318426463734426,0.42288746373442443
2023-11-21 15:00:00+00:00,8.9408,12,17.544524,13.684019338478475,3.8605046615215244
2023-11-22 03:00:00+00:00,16.09344,11,28.458769,25.81146503519502,2.64730396480498
2023-11-22 06:00:00+00:00,15.19936,11,29.55203,25.2599127560258,4.2921172439742
2023-11-22 09:00:00+00:00,16.09344,10,30.405738999999997,25.66460256437825,4.741136435621748
2023-11-22 12:00:00+00:00,12.96416,10,29.705511,22.111524157743773,7.593986842256228
2023-11-22 15:00:00+00:00,13.85824,10,28.698059,23.38304509928735,5.31501390071265
2023-11-22 18:00:00+00:00,16.98752,10,30.665017,26.126653090455726,4.538363909544273
2023-11-22 21:00:00+00:00,17.8816,10,30.183934,26.204713890462667,3.9792201095373336
2023-11-23 00:00:00+00:00,20.1168,10,26.662876,24.339024914765858,2.3238510852341427
2023-11-23 03:00:00+00:00,20.1168,10,24.175114999999998,24.339024914765858,0.1639099147658598
2023-11-23 06:00:00+00:00,21.90496,10,22.079513,21.03888142042847,1.040631579571528
2023-11-23 09:00:00+00:00,21.01088,10,17.471747,22.825427030974602,5.353680030974601
2023-11-23 12:00:00+00:00,21.01088,8,26.445098,23.562847780455986,2.882250219544016
2023-11-23 15:00:00+00:00,13.85824,6,26.032496,22.84693769403545,3.1855583059645483
2023-11-23 18:00:00+00:00,16.09344,7,25.758778999999997,25.884787970692262,0.1260089706922649
2023-11-23 21:00:00+00:00,19.22272,7,25.079525,26.972733202590266,1.893208202590266
2023-11-24 00:00:00+00:00,17.8816,7,24.327104,27.385074016129067,3.057970016129069
2023-11-24 03:00:00+00:00,21.01088,7,24.923809,24.178981408336398,0.7448275916636007
2023-11-24 06:00:00+00:00,21.90496,6,24.518301,22.633146904055792,1.885154095944209
2023-11-24 09:00:00+00:00,17.8816,6,27.265003,28.325055860264044,1.0600528602640438
2023-11-24 12:00:00+00:00,16.09344,6,28.467140999999998,26.693412680252653,1.7737283197473452
2023-11-24 15:00:00+00:00,16.09344,6,28.238253,26.693412680252653,1.5448403197473475
2023-11-24 18:00:00+00:00,15.19936,6,25.095976999999998,25.28359006776273,0.187613067762733
2023-11-24 21:00:00+00:00,12.070079999999999,6,22.911798,19.22863483421845,3.6831631657815507
2023-11-25 00:00:00+00:00,12.96416,13,18.731499,24.47758966354406,5.746090663544059
2023-11-25 03:00:00+00:00,11.176,13,19.372354,21.560460002650785,2.188106002650784
2023-11-25 06:00:00+00:00,11.176,6,12.523202999999999,17.150039260428454,4.626836260428455
2023-11-25 09:00:00+00:00,8.9408,13,6.552827000000001,14.525989209779947,7.973162209779947
2023-11-25 12:00:00+00:00,7.15264,6,4.5273579999999995,4.866783496691802,0.33942549669180266
2023-11-25 15:00:00+00:00,5.81152,6,3.440837,1.2294192412254183,2.211417758774582
2023-11-25 18:00:00+00:00,4.02336,6,2.087824,-1.1534331216958442,3.241257121695844
2023-11-25 21:00:00+00:00,4.91744,7,1.788392,0.06752280541318356,1.7208691945868164
2023-11-26 00:00:00+00:00,4.91744,8,2.3557829999999997,0.6329811129835576,1.722801887016442
2023-11-26 03:00:00+00:00,4.91744,8,2.6418459999999997,0.6329811129835576,2.008864887016442
2023-11-26 06:00:00+00:00,4.91744,8,2.3649999999999998,0.6329811129835576,1.7320188870164421
2023-11-26 09:00:00+00:00,5.81152,8,4.067282,2.0749305088615184,1.9923514911384812
2023-11-26 12:00:00+00:00,8.04672,8,4.590149,8.116318129982902,3.526169129982902
2023-11-26 15:00:00+00:00,9.83488,7,10.172585,13.150206117450196,2.9776211174501963
2023-11-26 18:00:00+00:00,8.9408,13,17.195233,14.525989209779947,2.6692437902200545
2023-11-26 21:00:00+00:00,12.070079999999999,5,12.970429,20.64690971734934,7.676480717349342
2023-11-27 00:00:00+00:00,13.85824,4,23.278116,26.08852300020981,2.8104070002098105
2023-11-27 03:00:00+00:00,15.19936,4,21.560732,28.175359820851654,6.614627820851652
2023-11-27 06:00:00+00:00,16.98752,4,22.545984,30.216649210553328,7.670665210553327
2023-11-27 09:00:00+00:00,16.09344,4,23.272225,29.362329313245752,6.090104313245753
2023-11-27 12:00:00+00:00,11.176,14,22.226214,22.70576350714104,0.4795495071410407
